time_start_sec,time_end_sec,launch_time,draw_time_avg,draw_time_median,total_frames,total_frames_median,janky_frames,janky_frames_median,janky_ratio,janky_ratio_median,percentile_50_ms,percentile_90_ms,percentile_95_ms,percentile_99_ms,missed_vsync_count,high_input_latency_count,slow_ui_thread_count,slow_bitmap_uploads_count,slow_issue_draw_commands_count
78,108,0,47.60978,11.952382,77,8,40,6,0.59185934,0.72,1034,1147,1210,1500,15,1,27,3,23
108,138,0,73.79846,22.792982,75,20,19,11,0.3354489,0.23529412,12,146,175,300,8,0,10,2,9
138,168,0,10.943798,8.5943575,60,9,7,0,0.10830674,0.03846154,1897,1902,1925,1995,4,0,5,0,2
168,198,0,20.644556,8.721036,87,76,10,8,0.44048017,0.33900228,45,108,118,183,6,0,6,0,4
198,228,0,17.302778,7.281335,22,8,5,4,0.17002419,0.07534247,2481,2517,2523,2532,2,0,4,0,0
228,258,980,16.0343,7.017843,103,49,8,6,0.15995093,0.07237615,1658,1671,1697,1739,5,0,5,0,2
258,288,0,41.603172,10.389472,52,32,14,5,0.2470736,0.18609023,506,583,622,833,10,0,12,0,5
288,318,0,21.711857,6.7752523,95,1,8,0,0.046043783,0.0,1984,1989,1994,2039,3,0,7,0,1
318,348,0,16.52463,8.579872,46,0,12,0,0.105492376,0.0,2973,2997,3014,3090,6,0,9,0,3
348,378,0,42.332447,9.75769,27,29,9,7,0.23028874,0.18189323,1494,1545,1607,1676,4,0,8,0,2
378,408,0,31.829744,8.731074,53,17,7,6,0.33649224,0.23404256,1025,1083,1137,1220,4,0,6,0,2
408,438,0,22.225239,7.9576406,71,23,12,10,0.30858716,0.14925373,1023,1070,1090,1150,6,0,9,0,2
438,468,0,13.510392,6.9402933,61,8,5,1,0.06299283,0.07885305,1983,2012,2035,2060,2,0,3,0,1
468,498,0,11.29913,6.5963736,40,14,6,4,0.2675193,0.116910025,1527,1587,1630,1649,3,0,5,0,2
498,528,0,66.18714,18.924795,38,48,8,10,0.49853745,0.26530612,85,138,155,230,6,0,8,0,0
528,558,0,33.76163,7.161964,13,0,3,0,0.09545455,0.0,2972,3010,3025,3050,2,0,2,0,0
558,588,0,14.829855,6.2378616,32,0,4,0,0.069112256,0.0,2972,2996,3008,3012,3,0,3,0,0
588,618,0,19.24255,7.2619114,63,16,9,6,0.17898187,0.13340965,1490,1531,1557,1594,5,0,6,0,2
618,648,0,15.881729,7.2758474,68,52,10,14,0.11888721,0.11666667,995,1015,1037,1125,5,0,7,1,3
648,678,0,25.123041,9.0376625,18,1,2,0,0.061904766,0.0,1983,2005,2008,2085,1,0,1,0,0
678,708,0,12.784295,6.590529,32,0,2,0,0.01625,0.0,2972,2974,2975,2997,0,0,1,0,1
708,738,0,9.069677,6.727454,88,0,11,0,0.0425,0.0,2973,2977,2983,3009,3,0,7,0,4
738,768,995,31.881945,9.459513,85,1,11,0,0.14345649,0.045722716,2484,2502,2532,2561,4,0,8,0,3
768,798,0,0.0,0.0,17,0,4,0,0.15626103,0.0,2976,3030,3036,3050,2,0,3,0,1
798,828,0,55.002335,5.6903486,34,30,4,5,0.09359971,0.06603774,1984,2013,2059,2140,2,0,3,0,0
828,858,0,28.393227,9.087474,109,48,32,15,0.246522,0.297561,997,1048,1100,1230,11,0,23,2,12
858,888,0,45.292995,17.18691,41,8,13,4,0.46036586,0.5,28,104,141,274,6,0,10,1,4
888,918,0,47.465076,49.97913,42,1,7,1,0.2659992,0.058052436,1996,2013,2056,2076,2,0,5,0,2
918,948,0,60.37408,13.759341,38,2,7,1,0.29909912,0.16216215,1994,2018,2026,2083,3,0,5,0,2
948,978,0,10.717094,7.5850806,56,0,8,0,0.028169015,0.0,3961,3964,3966,3980,1,0,5,0,4
978,1008,0,26.765287,7.48496,33,0,8,0,0.2565509,0.03448276,2495,2513,2519,2623,2,0,6,0,2
1008,1038,0,60.044502,8.466104,66,64,20,12,0.37615547,0.2647059,1004,1030,1097,1178,6,0,16,1,5
1038,1068,0,32.817722,10.221525,83,22,19,11,0.19589457,0.20447284,1986,2087,2152,2300,9,0,15,1,6
1068,1098,0,40.931232,9.757423,143,0,10,0,0.21400562,0.0,2985,2985,2989,3008,6,0,7,0,3
1098,1128,0,14.954632,9.545486,46,0,16,0,0.26839826,0.0,3021,3026,3033,3070,4,0,14,0,0
1128,1158,0,32.946987,8.062701,73,0,12,0,0.17169216,0.0,2987,2996,3012,3070,4,0,10,0,0
1158,1188,0,28.580296,10.689731,170,19,13,4,0.1429365,0.054156173,1986,2032,2123,2170,7,0,9,1,4
1188,1218,0,34.219475,8.176601,29,6,5,6,0.25780645,0.12903225,2012,2043,2053,2100,3,0,4,0,1
1218,1248,0,20.397697,7.9071417,50,0,11,0,0.13017094,0.0,2973,3013,3030,3060,5,0,9,0,4
1248,1278,0,16.555635,11.648342,57,1,13,1,0.28826824,0.17059156,2004,2012,2026,2066,4,0,7,0,5
1278,1308,0,20.465534,12.416489,79,3,11,1,0.11968255,0.07857143,1985,1996,2006,2035,3,0,9,0,3
1308,1338,0,11.678357,7.854883,80,5,10,4,0.21477132,0.11801242,1990,2017,2025,2101,3,0,5,0,4
1338,1368,0,18.202578,7.265274,116,18,5,3,0.10011965,0.018815938,1998,2014,2029,2053,3,0,4,0,0
1368,1398,0,16.71873,6.9864,51,19,5,3,0.0668466,0.07692308,1983,1997,2011,2070,3,0,3,0,0
1398,1428,0,13.3927355,6.243787,154,1,2,1,0.23767824,0.011920529,1998,2004,2027,2028,1,0,2,0,0
1428,1458,0,12.074138,7.465212,296,4,5,2,0.1229413,0.010932945,1987,1990,1991,1999,1,0,3,0,2
1458,1488,0,32.54228,5.918079,237,0,2,0,0.025631314,0.0,2972,2975,3021,3082,1,0,2,0,0
1488,1518,0,32.65584,10.058514,157,23,7,3,0.07805323,0.017859668,1984,2002,2030,2075,4,0,6,0,1
1518,1548,0,16.167305,7.497196,73,0,5,0,0.01589041,0.0,3961,3962,3964,4000,2,0,4,0,0
1548,1578,0,17.611732,9.63006,100,83,18,11,0.13172102,0.041984733,1986,2002,2031,2103,7,0,15,0,6
1578,1608,0,16.817331,8.203829,165,33,8,4,0.07070903,0.015160311,1984,2003,2034,2100,4,0,6,0,1
1608,1638,0,33.656204,8.991498,118,5,2,4,0.17967995,0.007490637,1986,2013,2020,2023,1,0,1,0,0
1638,1668,0,13.459885,6.2814445,47,0,4,0,0.016806724,0.0,3961,3962,3970,4010,3,0,3,0,0
1668,1698,0,11.887619,7.446348,106,93,9,7,0.050440658,0.03482587,1984,1988,1999,2051,4,0,6,1,1
1698,1728,0,33.81304,8.413536,75,30,15,11,0.28199002,0.26511437,1000,1085,1109,1259,6,0,10,1,6
1728,1758,0,44.309303,22.656029,246,0,0,0,0.0,0.0,3961,3961,3961,3961,0,0,0,0,0
1758,1788,0,32.132847,12.354409,184,132,17,3,0.08305806,0.0057471264,1985,1998,2010,2128,5,0,11,0,6
1788,1818,0,13.148847,11.636383,97,47,12,11,0.12590477,0.10867526,1986,2004,2020,2069,2,0,9,0,3
1818,1848,0,18.968258,10.105216,147,35,8,5,0.07409285,0.00984252,1984,1995,2008,2093,2,0,5,0,3
1848,1878,0,27.755074,8.16907,86,28,7,3,0.11557853,0.039210014,1491,1520,1559,1633,3,0,6,0,1
1878,1908,0,10.45774,10.45774,242,3,11,3,0.6071607,1.0,1068,1157,1158,1160,2,0,8,0,5
1908,1938,0,46.99584,10.841767,35,3,11,2,0.28405574,0.05263158,1999,2016,2025,2111,6,0,8,0,2
1938,1968,0,45.93537,12.893421,48,2,14,1,0.24522087,0.19277108,1993,2018,2051,2187,5,0,9,0,5
1968,1998,0,24.832249,12.674075,155,7,43,2,0.14844756,0.05901639,2480,2494,2531,2610,6,0,22,2,22
1998,2028,0,19.17509,9.699153,29,0,8,0,0.102656625,0.0,2973,2994,3030,3210,5,0,7,0,2
2028,2058,0,44.03221,10.738281,56,0,10,0,0.059869282,0.0,2972,2983,2995,3028,7,0,9,1,1
2058,2088,0,21.475607,8.338627,85,46,14,3,0.15308401,0.17283951,997,1044,1059,1230,8,0,13,0,1
2088,2118,0,29.064888,8.770633,57,34,10,7,0.19019003,0.07937063,1494,1544,1570,1635,3,0,8,0,3
2118,2148,0,24.686174,7.5688815,73,44,6,7,0.062277954,0.06896552,1984,1995,2006,2130,3,0,5,0,2
2148,2178,0,24.993992,9.29534,133,83,11,12,0.0688033,0.0494382,1984,2002,2044,2155,4,0,8,0,3
2178,2208,0,31.230303,10.572937,62,30,16,6,0.14819047,0.2,1985,2004,2034,2190,7,1,12,1,5
2208,2238,0,24.454819,10.531682,147,50,10,5,0.14846507,0.06059548,1504,1508,1515,1630,2,0,6,0,4
2238,2268,0,11.95325,6.121261,215,0,4,0,0.035626568,0.0,2972,2982,2992,3033,2,0,3,0,0
2268,2298,0,30.74974,6.980942,178,0,5,0,0.013536172,0.0,2972,2973,2976,2995,3,0,3,0,1
2298,2328,0,15.972942,7.205056,86,45,8,7,0.1642967,0.09512969,1504,1554,1564,1616,4,0,7,0,1
2328,2358,0,24.145824,7.459789,159,0,3,0,0.20352201,0.0,3021,3021,3022,3023,1,0,2,0,0
2358,2388,0,26.699085,13.967961,114,43,6,1,0.096799955,0.0021786492,1985,1996,2037,2063,2,0,5,0,0
2388,2418,0,30.295511,9.081842,97,73,10,10,0.30089247,0.18945341,28,50,83,237,5,0,8,0,2
2418,2448,0,16.387276,10.002387,136,32,5,8,0.06738981,0.020833334,1985,1990,1999,2054,2,0,4,0,1
2448,2478,0,11.809306,5.596007,0,0,0,0,0.0,0.0,4950,4950,4950,4950,0,0,0,0,0
2478,2508,0,0.0,0.0,0,0,0,0,0.0,0.0,4950,4950,4950,4950,0,0,0,0,0
2508,2538,0,0.0,0.0,0,0,0,0,0.0,0.0,4950,4950,4950,4950,0,0,0,0,0
2538,2568,0,0.0,0.0,0,0,0,0,0.0,0.0,4950,4950,4950,4950,0,0,0,0,0
2568,2598,0,0.0,0.0,0,0,0,0,0.0,0.0,4950,4950,4950,4950,0,0,0,0,0
2598,2628,0,0.0,0.0,0,0,0,0,0.0,0.0,4950,4950,4950,4950,0,0,0,0,0
2628,2658,0,0.0,0.0,0,0,0,0,0.0,0.0,4950,4950,4950,4950,0,0,0,0,0
2658,2688,0,0.0,0.0,0,0,0,0,0.0,0.0,4950,4950,4950,4950,0,0,0,0,0
2688,2718,0,0.0,0.0,0,0,0,0,0.0,0.0,4950,4950,4950,4950,0,0,0,0,0
2718,2748,0,0.0,0.0,0,0,0,0,0.0,0.0,4950,4950,4950,4950,0,0,0,0,0
2748,2778,0,0.0,0.0,0,0,0,0,0.0,0.0,4950,4950,4950,4950,0,0,0,0,0
2778,2808,0,0.0,0.0,0,0,0,0,0.0,0.0,4950,4950,4950,4950,0,0,0,0,0
2808,2838,0,0.0,0.0,0,0,0,0,0.0,0.0,4950,4950,4950,4950,0,0,0,0,0
2838,2868,0,0.0,0.0,0,0,0,0,0.0,0.0,4950,4950,4950,4950,0,0,0,0,0
2868,2898,0,0.0,0.0,0,0,0,0,0.0,0.0,4950,4950,4950,4950,0,0,0,0,0
2898,2928,0,0.0,0.0,0,0,0,0,0.0,0.0,4950,4950,4950,4950,0,0,0,0,0
2928,2958,0,0.0,0.0,0,0,0,0,0.0,0.0,4950,4950,4950,4950,0,0,0,0,0
2958,2988,0,0.0,0.0,0,0,0,0,0.0,0.0,4950,4950,4950,4950,0,0,0,0,0
2988,3018,0,0.0,0.0,0,0,0,0,0.0,0.0,4950,4950,4950,4950,0,0,0,0,0
3018,3048,0,0.0,0.0,0,0,0,0,0.0,0.0,4950,4950,4950,4950,0,0,0,0,0
3048,3078,0,0.0,0.0,0,0,0,0,0.0,0.0,4950,4950,4950,4950,0,0,0,0,0
3078,3108,0,0.0,0.0,0,0,0,0,0.0,0.0,4950,4950,4950,4950,0,0,0,0,0
3108,3138,0,0.0,0.0,0,0,0,0,0.0,0.0,4950,4950,4950,4950,0,0,0,0,0
3138,3168,0,0.0,0.0,0,0,0,0,0.0,0.0,4950,4950,4950,4950,0,0,0,0,0
3168,3198,0,0.0,0.0,0,0,0,0,0.0,0.0,4950,4950,4950,4950,0,0,0,0,0
3198,3228,0,0.0,0.0,0,0,0,0,0.0,0.0,4950,4950,4950,4950,0,0,0,0,0
3228,3258,0,0.0,0.0,0,0,0,0,0.0,0.0,4950,4950,4950,4950,0,0,0,0,0
3258,3288,0,0.0,0.0,0,0,0,0,0.0,0.0,4950,4950,4950,4950,0,0,0,0,0
3288,3318,0,0.0,0.0,0,0,0,0,0.0,0.0,4950,4950,4950,4950,0,0,0,0,0
3318,3348,0,0.0,0.0,0,0,0,0,0.0,0.0,4950,4950,4950,4950,0,0,0,0,0
3348,3378,0,0.0,0.0,0,0,0,0,0.0,0.0,4950,4950,4950,4950,0,0,0,0,0
3378,3408,0,0.0,0.0,0,0,0,0,0.0,0.0,4950,4950,4950,4950,0,0,0,0,0
3408,3438,0,0.0,0.0,0,0,0,0,0.0,0.0,4950,4950,4950,4950,0,0,0,0,0
3438,3468,0,0.0,0.0,0,0,0,0,0.0,0.0,4950,4950,4950,4950,0,0,0,0,0
3468,3498,0,0.0,0.0,0,0,0,0,0.0,0.0,4950,4950,4950,4950,0,0,0,0,0
3498,3528,0,0.0,0.0,0,0,0,0,0.0,0.0,4950,4950,4950,4950,0,0,0,0,0
3528,3558,0,0.0,0.0,0,0,0,0,0.0,0.0,4950,4950,4950,4950,0,0,0,0,0
3558,3588,0,0.0,0.0,0,0,0,0,0.0,0.0,4950,4950,4950,4950,0,0,0,0,0
3588,3618,0,0.0,0.0,0,0,0,0,0.0,0.0,4950,4950,4950,4950,0,0,0,0,0
3618,3648,0,0.0,0.0,0,0,0,0,0.0,0.0,4950,4950,4950,4950,0,0,0,0,0
3648,3678,0,0.0,0.0,0,0,0,0,0.0,0.0,4950,4950,4950,4950,0,0,0,0,0
3678,3708,0,0.0,0.0,0,0,0,0,0.0,0.0,4950,4950,4950,4950,0,0,0,0,0
3708,3738,0,0.0,0.0,0,0,0,0,0.0,0.0,4950,4950,4950,4950,0,0,0,0,0
3738,3768,0,0.0,0.0,0,0,0,0,0.0,0.0,4950,4950,4950,4950,0,0,0,0,0
3768,3798,0,0.0,0.0,0,0,0,0,0.0,0.0,4950,4950,4950,4950,0,0,0,0,0
3798,3828,0,0.0,0.0,0,0,0,0,0.0,0.0,4950,4950,4950,4950,0,0,0,0,0
3828,3858,0,0.0,0.0,0,0,0,0,0.0,0.0,4950,4950,4950,4950,0,0,0,0,0
3888,3918,0,0.0,0.0,0,0,0,0,0.0,0.0,4950,4950,4950,4950,0,0,0,0,0
3918,3948,0,0.0,0.0,0,0,0,0,0.0,0.0,4950,4950,4950,4950,0,0,0,0,0
3948,3978,0,0.0,0.0,0,0,0,0,0.0,0.0,4950,4950,4950,4950,0,0,0,0,0
3978,4008,0,0.0,0.0,0,0,0,0,0.0,0.0,4950,4950,4950,4950,0,0,0,0,0
4008,4038,0,0.0,0.0,0,0,0,0,0.0,0.0,4950,4950,4950,4950,0,0,0,0,0
4038,4068,0,0.0,0.0,0,0,0,0,0.0,0.0,4950,4950,4950,4950,0,0,0,0,0
4068,4098,0,0.0,0.0,0,0,0,0,0.0,0.0,4950,4950,4950,4950,0,0,0,0,0
4098,4128,0,0.0,0.0,0,0,0,0,0.0,0.0,4950,4950,4950,4950,0,0,0,0,0
4128,4158,0,0.0,0.0,0,0,0,0,0.0,0.0,4950,4950,4950,4950,0,0,0,0,0
4158,4188,0,0.0,0.0,0,0,0,0,0.0,0.0,4950,4950,4950,4950,0,0,0,0,0
4188,4218,0,0.0,0.0,0,0,0,0,0.0,0.0,4950,4950,4950,4950,0,0,0,0,0
4218,4248,0,0.0,0.0,0,0,0,0,0.0,0.0,4950,4950,4950,4950,0,0,0,0,0
4248,4278,0,0.0,0.0,0,0,0,0,0.0,0.0,4950,4950,4950,4950,0,0,0,0,0
4278,4308,0,0.0,0.0,0,0,0,0,0.0,0.0,4950,4950,4950,4950,0,0,0,0,0
4308,4338,0,0.0,0.0,0,0,0,0,0.0,0.0,4950,4950,4950,4950,0,0,0,0,0
4338,4368,0,0.0,0.0,0,0,0,0,0.0,0.0,4950,4950,4950,4950,0,0,0,0,0
4368,4398,0,8.925372,7.55517,103,18,5,3,0.21677396,0.116161615,1008,1017,1026,1044,2,0,4,0,0
4398,4428,0,20.622139,6.950508,26,1,4,0,0.08222222,0.0,1984,2005,2015,2041,1,0,2,0,2
4428,4458,0,15.447177,5.700841,60,54,11,7,0.15670034,0.09090909,1986,2003,2042,2087,4,0,6,0,3
4458,4488,0,12.146953,7.833531,122,0,16,0,0.22712418,0.0,3011,3014,3018,3070,6,0,13,0,3
4488,4518,0,10.559551,6.671451,70,0,7,0,0.035508342,0.0,2972,2975,2985,3024,4,0,4,0,0
4518,4548,0,20.347721,8.181759,55,34,12,0,0.10834315,0.0,1984,2006,2012,2033,4,0,10,0,2
4548,4578,302,19.59944,8.0752735,154,26,5,3,0.064335115,0.01332421,1984,1993,2009,2032,2,0,3,0,1
4578,4608,208,11.799587,8.591841,142,72,8,9,0.09942667,0.103225805,995,1056,1073,1118,4,0,7,0,0
4608,4638,0,14.731286,7.961883,103,17,9,3,0.08347057,0.082987554,1983,2008,2036,2051,2,0,4,0,3
4638,4668,0,13.789794,8.11905,115,0,10,0,0.065211,0.0,2479,2490,2497,2518,4,0,8,0,1
4668,4698,0,15.3279505,7.853414,221,0,4,0,0.032405052,0.0,2832,2840,2842,2867,2,0,3,0,0
4698,4728,0,50.885193,8.616728,249,9,6,3,0.117987275,0.010989011,1984,2049,2057,2073,3,0,5,0,0
4728,4758,194,11.183732,7.794595,263,16,2,2,0.12848431,0.012121212,999,1012,1038,1046,1,0,1,0,0
4758,4788,0,15.386443,6.918198,182,81,11,3,0.097916305,0.13636364,6,24,72,103,5,0,6,0,3
4788,4818,0,10.721549,7.930249,156,5,6,1,0.08184188,0.0020979021,1985,2012,2021,2040,2,0,5,0,0
4818,4848,0,20.774008,8.682816,29,0,4,0,0.03108108,0.0,3961,3964,3970,3985,2,0,4,0,0
4848,4878,215,10.4410715,7.858107,150,1,1,0,0.0038564906,0.0,1986,1986,1987,1994,0,0,1,0,0
4878,4908,0,10.442411,7.233564,127,37,2,1,0.022237334,0.0028089888,1983,1985,1994,2031,1,0,2,0,0
4908,4938,0,9.865595,7.726763,163,1,4,1,0.40755758,0.0330033,1038,1039,1039,1041,1,0,3,0,0
4938,4968,0,16.95371,6.155965,24,0,2,0,0.018333334,0.0,2973,2974,2981,3012,2,0,1,0,0
4968,4998,0,15.032224,6.333247,153,51,3,2,0.13446411,0.01498824,1513,1517,1531,1569,1,0,2,0,0
4998,5028,0,14.1144495,7.825305,50,9,9,1,0.09705864,0.05357143,1983,2030,2039,2058,3,0,8,0,1
5028,5058,266,13.9539,7.872925,234,29,14,5,0.19275033,0.15,9,74,98,109,3,0,5,0,7
5058,5088,0,12.372847,8.510143,198,17,4,3,0.11355357,0.012334229,1491,1525,1541,1588,2,0,2,0,0
5088,5118,212,12.128339,8.443459,10,2,2,1,0.17616192,0.17391305,2005,2041,2056,2068,1,0,1,0,0
5118,5148,0,18.886913,6.496004,61,13,2,2,0.10322672,0.052357458,1491,1518,1534,1585,1,0,1,0,0
5148,5178,0,9.297798,7.736316,120,2,7,0,0.050489508,0.0,1985,1999,2005,2005,1,0,0,0,6
5178,5208,240,10.637097,7.922555,79,19,4,3,0.07456909,0.03313253,1984,1997,2018,2033,2,0,1,0,2
5208,5238,0,10.66038,7.006362,53,4,2,2,0.123814404,0.026673261,1990,2011,2012,2025,1,0,2,0,0
5238,5268,0,11.500996,7.476731,16,0,2,0,0.04977434,0.0,2972,2996,3010,3045,1,0,1,0,0
5268,5298,0,11.999809,7.595527,167,0,2,0,0.0061317347,0.0,2973,2973,2974,2977,1,0,1,0,0
5298,5328,0,8.359696,8.119242,326,0,2,0,0.003806126,0.0,2972,2973,2973,2975,1,0,1,0,0
5328,5358,0,11.510182,7.7036896,190,81,5,4,0.09826272,0.052980743,995,1011,1027,1062,2,0,3,0,0
5358,5388,0,14.427418,8.341036,248,19,3,2,0.23978838,0.16216215,997,1052,1072,1112,1,0,2,0,0
5388,5418,0,8.503395,7.830653,223,2,1,1,0.20285794,0.001369863,2000,2001,2001,2003,1,0,1,0,0
5418,5448,0,7.978763,7.856474,234,0,5,0,0.021752996,0.0,2973,2974,2976,2985,1,0,4,0,0
5448,5478,255,14.235242,15.679929,65,23,8,8,0.2550199,0.030534351,1987,2026,2114,2183,3,0,7,0,1
5478,5508,0,57.942635,19.812256,54,0,1,0,0.04008756,0.0,2972,2990,3001,3022,1,0,1,0,0
5508,5538,0,12.049142,7.560503,49,33,9,4,0.19574371,0.11111111,999,1034,1082,1275,4,0,8,0,3
5538,5568,0,17.452192,8.429581,113,0,8,0,0.06924247,0.0,2479,2482,2489,2516,3,0,7,0,1
5568,5598,364,18.940605,9.107826,38,13,10,2,0.17232959,0.15384616,995,1034,1047,1078,4,0,9,0,0
5598,5628,0,13.667708,7.598545,92,0,1,0,0.009032259,0.0,2972,2973,2974,2991,1,0,1,0,0
5628,5658,289,12.199119,6.07494,47,46,5,4,0.17888549,0.08088732,1513,1530,1550,1651,3,0,5,0,1
5658,5688,0,18.480934,6.9701715,68,1,3,1,0.2345515,0.029900333,2012,2020,2024,2090,2,0,2,0,0
5688,5718,0,11.020081,8.138109,126,5,4,3,0.33961153,0.08928572,1015,1041,1046,1056,2,0,3,0,1
5718,5748,0,15.705264,7.689977,107,46,12,1,0.12155925,0.027027028,1987,1996,2013,2079,4,0,8,0,3
5748,5778,0,11.937374,7.796552,29,0,2,0,0.018791948,0.0,3961,3963,3964,3982,0,0,2,0,1
5778,5808,0,25.745638,8.59104,38,12,9,2,0.110504754,0.072222225,2478,2505,2535,2604,6,0,6,0,2
5808,5838,0,30.620512,8.497238,20,9,4,2,0.27077106,0.18867925,1121,1145,1173,1221,2,0,3,0,1
5838,5868,0,12.975965,6.143515,79,24,9,5,0.27947682,0.33333334,17,109,150,181,4,0,7,0,1
5868,5898,0,23.150562,7.109551,56,17,4,1,0.06163318,0.055793993,1983,1988,2008,2018,2,0,3,0,1
5898,5928,0,14.243305,7.392441,64,4,10,0,0.07659967,0.05232558,2478,2516,2530,2574,4,0,7,0,2
5928,5958,0,10.674968,7.91458,73,16,9,0,0.055329837,0.0,1983,1989,1993,2035,2,0,4,0,4
5958,5988,217,10.495849,8.37939,79,0,3,0,0.0075566755,0.0,2972,2972,2973,2992,2,0,2,0,0
5988,6018,0,15.021152,7.912756,96,0,8,0,0.09276555,0.0,2481,2485,2493,2517,3,0,6,0,0
6018,6048,0,16.511633,7.105431,40,19,10,5,0.17621854,0.1875,995,1042,1100,1130,5,0,8,0,0
6048,6078,255,20.548141,9.012182,123,0,3,0,0.005825243,0.0,3961,3961,3962,3973,1,0,3,0,0
6078,6108,0,16.680023,8.764416,76,28,3,2,0.0498553,0.028737083,1490,1504,1517,1592,3,0,3,0,0
6108,6138,0,12.034663,8.038792,24,4,7,0,0.10749064,0.0,1985,1998,2004,2081,2,0,7,0,0
6138,6168,215,19.796854,8.960342,71,99,9,3,0.19639483,0.152,998,1038,1054,1142,6,0,7,0,1
6168,6198,232,11.4323225,7.502363,62,45,5,4,0.07418134,0.061976258,995,1010,1037,1104,4,0,4,0,0
6198,6228,203,15.642286,8.085977,147,0,1,0,0.0016460905,0.0,2972,2972,2973,2973,0,0,0,0,0
6228,6258,0,11.455229,8.053005,97,3,4,1,0.2018694,0.15384616,999,1060,1064,1079,2,0,4,0,0
6258,6288,0,8.77662,7.998195,70,6,4,2,0.19753209,0.012033295,1987,2003,2007,2024,1,0,3,0,0
6288,6318,0,13.272475,7.211843,11,0,1,0,0.021428572,0.0,3961,3963,3972,4080,0,0,1,0,0
6318,6348,0,13.945286,8.545681,37,0,3,0,0.035463594,0.0,2972,2974,2980,3006,1,0,2,0,0
6348,6378,251,10.452463,7.8113003,69,51,5,2,0.08557619,0.015945707,1984,1994,2002,2026,2,0,4,0,1
6378,6408,0,11.174022,7.7696743,34,28,2,1,0.17142858,0.10714286,1000,1007,1049,1091,1,0,2,0,0
6408,6438,0,18.447977,6.975461,66,18,10,0,0.06627368,0.0,1983,2001,2018,2041,6,0,8,0,0
6438,6468,236,13.893548,7.786875,55,17,2,2,0.08501086,0.008583691,1983,1999,2035,2036,1,0,1,0,0
6468,6498,0,9.804118,7.914022,97,1,2,1,0.11513313,0.0025906735,2479,2485,2490,2496,1,0,1,0,0
6498,6528,0,8.818927,7.6361566,106,20,4,4,0.13352777,0.008908686,1986,2012,2027,2044,2,0,3,0,1
6528,6558,0,12.9332,7.423647,25,0,3,0,0.17951219,0.0,2975,2988,2993,2997,2,0,2,0,0
6558,6588,244,10.426918,7.731744,99,34,11,3,0.12761699,0.15849282,995,1025,1049,1076,6,0,9,0,0
6588,6618,0,13.235108,7.626046,44,0,7,0,0.064705886,0.0,2973,2982,3009,3013,4,0,5,0,1
6618,6648,0,16.978777,7.6993732,0,0,0,0,0.0,0.0,4950,4950,4950,4950,0,0,0,0,0
6648,6678,0,0.0,0.0,0,0,0,0,0.0,0.0,4950,4950,4950,4950,0,0,0,0,0
6678,6708,0,0.0,0.0,0,0,0,0,0.0,0.0,4950,4950,4950,4950,0,0,0,0,0
6708,6738,0,0.0,0.0,0,0,0,0,0.0,0.0,4950,4950,4950,4950,0,0,0,0,0
6738,6768,0,0.0,0.0,0,0,0,0,0.0,0.0,4950,4950,4950,4950,0,0,0,0,0
6798,6828,0,0.0,0.0,0,0,0,0,0.0,0.0,4950,4950,4950,4950,0,0,0,0,0
6828,6858,0,0.0,0.0,0,0,0,0,0.0,0.0,4950,4950,4950,4950,0,0,0,0,0
6858,6888,0,0.0,0.0,0,0,0,0,0.0,0.0,4950,4950,4950,4950,0,0,0,0,0
6888,6918,0,0.0,0.0,0,0,0,0,0.0,0.0,4950,4950,4950,4950,0,0,0,0,0
6918,6948,0,0.0,0.0,0,0,0,0,0.0,0.0,4950,4950,4950,4950,0,0,0,0,0
6948,6978,0,0.0,0.0,0,0,0,0,0.0,0.0,4950,4950,4950,4950,0,0,0,0,0
6978,7008,0,0.0,0.0,0,0,0,0,0.0,0.0,4950,4950,4950,4950,0,0,0,0,0
7008,7038,0,0.0,0.0,0,0,0,0,0.0,0.0,4950,4950,4950,4950,0,0,0,0,0
7038,7068,0,0.0,0.0,0,0,0,0,0.0,0.0,4950,4950,4950,4950,0,0,0,0,0
7068,7098,0,0.0,0.0,0,0,0,0,0.0,0.0,4950,4950,4950,4950,0,0,0,0,0
7128,7158,0,0.0,0.0,0,0,0,0,0.0,0.0,4950,4950,4950,4950,0,0,0,0,0
7158,7188,0,0.0,0.0,0,0,0,0,0.0,0.0,4950,4950,4950,4950,0,0,0,0,0
7188,7218,0,0.0,0.0,0,0,0,0,0.0,0.0,4950,4950,4950,4950,0,0,0,0,0
7218,7248,0,0.0,0.0,0,0,0,0,0.0,0.0,4950,4950,4950,4950,0,0,0,0,0
7248,7278,0,0.0,0.0,0,0,0,0,0.0,0.0,4950,4950,4950,4950,0,0,0,0,0
7278,7308,0,0.0,0.0,0,0,0,0,0.0,0.0,4950,4950,4950,4950,0,0,0,0,0
7308,7338,0,0.0,0.0,0,0,0,0,0.0,0.0,4950,4950,4950,4950,0,0,0,0,0
7338,7368,0,0.0,0.0,0,0,0,0,0.0,0.0,4950,4950,4950,4950,0,0,0,0,0
7368,7398,0,0.0,0.0,0,0,0,0,0.0,0.0,4950,4950,4950,4950,0,0,0,0,0
7398,7428,0,0.0,0.0,0,0,0,0,0.0,0.0,4950,4950,4950,4950,0,0,0,0,0
7428,7458,0,0.0,0.0,0,0,0,0,0.0,0.0,4950,4950,4950,4950,0,0,0,0,0
7488,7518,0,0.0,0.0,0,0,0,0,0.0,0.0,4950,4950,4950,4950,0,0,0,0,0
7518,7548,0,0.0,0.0,0,0,0,0,0.0,0.0,4950,4950,4950,4950,0,0,0,0,0
7548,7578,0,0.0,0.0,0,0,0,0,0.0,0.0,4950,4950,4950,4950,0,0,0,0,0
7578,7608,0,0.0,0.0,0,0,0,0,0.0,0.0,4950,4950,4950,4950,0,0,0,0,0
7608,7638,0,0.0,0.0,0,0,0,0,0.0,0.0,4950,4950,4950,4950,0,0,0,0,0
7638,7668,0,0.0,0.0,0,0,0,0,0.0,0.0,4950,4950,4950,4950,0,0,0,0,0
7668,7698,0,0.0,0.0,0,0,0,0,0.0,0.0,4950,4950,4950,4950,0,0,0,0,0
7698,7728,0,0.0,0.0,0,0,0,0,0.0,0.0,4950,4950,4950,4950,0,0,0,0,0
7728,7758,0,0.0,0.0,0,0,0,0,0.0,0.0,4950,4950,4950,4950,0,0,0,0,0
7758,7788,0,0.0,0.0,0,0,0,0,0.0,0.0,4950,4950,4950,4950,0,0,0,0,0
7818,7848,0,0.0,0.0,0,0,0,0,0.0,0.0,4950,4950,4950,4950,0,0,0,0,0
7848,7878,0,0.0,0.0,0,0,0,0,0.0,0.0,4950,4950,4950,4950,0,0,0,0,0
7878,7908,0,0.0,0.0,0,0,0,0,0.0,0.0,4950,4950,4950,4950,0,0,0,0,0
7908,7938,0,0.0,0.0,0,0,0,0,0.0,0.0,4950,4950,4950,4950,0,0,0,0,0
7938,7968,0,0.0,0.0,0,0,0,0,0.0,0.0,4950,4950,4950,4950,0,0,0,0,0
7968,7998,0,0.0,0.0,0,0,0,0,0.0,0.0,4950,4950,4950,4950,0,0,0,0,0
7998,8028,0,0.0,0.0,0,0,0,0,0.0,0.0,4950,4950,4950,4950,0,0,0,0,0
8028,8058,0,0.0,0.0,0,0,0,0,0.0,0.0,4950,4950,4950,4950,0,0,0,0,0
8058,8088,0,0.0,0.0,0,0,0,0,0.0,0.0,4950,4950,4950,4950,0,0,0,0,0
8088,8118,0,0.0,0.0,0,0,0,0,0.0,0.0,4950,4950,4950,4950,0,0,0,0,0
8118,8148,0,0.0,0.0,0,0,0,0,0.0,0.0,4950,4950,4950,4950,0,0,0,0,0
8178,8208,0,0.0,0.0,0,0,0,0,0.0,0.0,4950,4950,4950,4950,0,0,0,0,0
8208,8238,0,0.0,0.0,0,0,0,0,0.0,0.0,4950,4950,4950,4950,0,0,0,0,0
8238,8268,0,0.0,0.0,0,0,0,0,0.0,0.0,4950,4950,4950,4950,0,0,0,0,0
8268,8298,0,0.0,0.0,0,0,0,0,0.0,0.0,4950,4950,4950,4950,0,0,0,0,0
8298,8328,0,0.0,0.0,0,0,0,0,0.0,0.0,4950,4950,4950,4950,0,0,0,0,0
8328,8358,0,0.0,0.0,0,0,0,0,0.0,0.0,4950,4950,4950,4950,0,0,0,0,0
8358,8388,0,0.0,0.0,0,0,0,0,0.0,0.0,4950,4950,4950,4950,0,0,0,0,0
8388,8418,0,0.0,0.0,0,0,0,0,0.0,0.0,4950,4950,4950,4950,0,0,0,0,0
8418,8448,0,0.0,0.0,0,0,0,0,0.0,0.0,4950,4950,4950,4950,0,0,0,0,0
8448,8478,0,0.0,0.0,0,0,0,0,0.0,0.0,4950,4950,4950,4950,0,0,0,0,0
8478,8508,0,0.0,0.0,0,0,0,0,0.0,0.0,4950,4950,4950,4950,0,0,0,0,0
8508,8538,0,0.0,0.0,0,0,0,0,0.0,0.0,0,0,0,0,0,0,0,0,0
8538,8568,0,0.0,0.0,0,0,0,0,0.0,0.0,4950,4950,4950,4950,0,0,0,0,0
8568,8598,0,0.0,0.0,0,0,0,0,0.0,0.0,4950,4950,4950,4950,0,0,0,0,0
8598,8628,0,16.179884,6.491004,44,0,10,0,0.08552167,0.0,2972,2987,3031,3046,5,0,8,0,0
8628,8658,270,18.538801,6.74841,30,31,4,4,0.07928299,0.10344828,1983,1994,2006,2049,2,0,3,0,0
8658,8688,0,9.936795,6.4333224,43,1,2,0,0.10153737,0.01980198,2487,2488,2491,2499,1,0,1,0,0
8688,8718,0,11.090638,7.836957,81,11,8,3,0.110256836,0.007853403,1655,1678,1685,1720,4,0,6,0,0
8718,8748,0,9.244542,7.696716,70,4,4,0,0.08305785,0.0,1984,1991,1996,2005,1,0,3,0,0
8748,8778,289,15.658707,6.0383644,101,52,5,6,0.060488254,0.05005786,1983,1991,2002,2048,3,0,4,0,0
8778,8808,190,9.266971,7.7988176,20,0,2,0,0.17894737,0.0,2977,3022,3028,3029,2,0,1,0,0
8808,8838,0,8.641129,5.420787,54,22,13,7,0.2710751,0.22727273,1006,1048,1093,1119,6,0,10,1,2
8838,8868,0,22.528063,6.8938956,63,3,6,1,0.2157793,0.15,1004,1071,1087,1106,4,0,5,0,1
8868,8898,0,9.956189,8.019562,118,0,0,0,0.0011450382,0.0,2973,2973,2973,2974,0,0,0,0,0
8898,8928,0,9.364287,8.235204,56,3,4,1,0.15611003,0.011028893,1987,2001,2004,2026,2,0,4,0,0
8928,8958,477,9.632211,8.169054,98,1,3,0,0.022410173,0.0,1985,1987,1989,2008,1,0,2,0,1
8958,8988,231,17.43938,7.8384438,59,13,11,3,0.24141446,0.20192307,9,59,68,99,5,0,9,0,1
8988,9018,0,7.92124,7.806509,55,12,4,0,0.08609418,0.0,1984,1999,2004,2023,3,0,3,0,0
9018,9048,259,19.777437,9.083157,49,21,5,1,0.068388216,0.037037037,1983,1989,1993,2031,1,0,5,0,0
9048,9078,0,12.085878,7.440448,34,1,3,1,0.25699347,0.08496732,2013,2021,2037,2039,1,0,3,0,0
9078,9108,0,11.827769,7.005574,37,4,4,1,0.1416799,0.03726708,1986,2004,2008,2041,2,0,3,0,0
9108,9138,0,12.774116,6.413825,46,34,4,5,0.15967867,0.1764706,997,1015,1036,1049,2,0,3,0,0
9138,9168,0,13.089879,7.952382,89,25,3,3,0.083183676,0.010204081,1985,1992,1998,2019,1,0,2,0,0
9168,9198,0,12.79663,7.628664,125,51,7,6,0.35930142,0.28710318,15,80,90,107,5,0,6,0,1
9198,9228,246,8.160605,6.536886,31,1,6,1,0.23642993,0.15517241,1663,1688,1707,1715,2,0,5,0,0
9228,9258,0,14.272096,6.570172,22,17,4,3,0.10232115,0.13513513,1983,2003,2054,2100,2,0,2,0,1
9258,9288,0,23.671616,6.365012,34,17,7,5,0.26558656,0.176,1004,1069,1109,1163,5,0,5,0,1
9288,9318,0,18.039297,7.3183255,110,41,8,4,0.36040586,0.2,11,34,47,120,3,0,3,0,4
9318,9348,0,17.929573,7.919346,82,6,3,2,0.21257584,0.011160877,1504,1538,1568,1635,2,0,2,0,0
9348,9378,0,13.288417,7.729683,79,58,7,3,0.085063174,0.08597285,995,1012,1064,1088,3,0,6,0,0
9378,9408,0,12.165004,7.519109,119,81,2,1,0.047066405,0.025505051,830,843,856,876,2,0,2,0,0
9408,9438,0,15.40135,7.676412,51,47,10,10,0.16309153,0.1904762,1105,1157,1193,1269,5,0,7,0,1
9438,9468,245,26.691385,9.350891,59,2,2,1,0.124410465,0.004405286,1988,1992,1996,2018,1,0,1,0,0
9468,9498,0,18.392727,8.405947,54,0,7,0,0.12150977,0.0,2976,2989,2999,3101,3,0,6,0,1
9498,9528,0,20.938038,9.026288,55,2,11,1,0.17908671,0.17,2033,2051,2070,2139,5,0,9,0,1
9528,9558,0,18.418112,8.2588,102,32,3,3,0.08276466,0.006772009,1986,1996,2012,2069,1,0,3,0,0
9558,9588,0,16.847757,7.962332,39,34,9,7,0.35015243,0.22580644,13,64,92,228,5,0,9,0,2
9588,9618,0,18.364138,8.532789,101,25,5,1,0.098844886,0.019076305,1987,1992,1998,2024,2,0,4,0,0
9618,9648,0,9.780065,7.702655,45,0,13,0,0.058035713,0.0,2973,2981,2994,3031,4,0,9,0,2
9648,9678,0,40.042404,7.9074726,86,2,3,1,0.18857142,0.026190476,1989,2017,2017,2023,2,0,3,0,0
9678,9708,0,10.551617,7.707245,68,66,3,1,0.039766192,0.015873017,1654,1658,1674,1751,2,0,2,0,0
9708,9738,0,23.958916,8.796867,85,13,7,2,0.07802346,0.021113243,2203,2217,2243,2271,3,0,6,0,0
9738,9768,0,10.977509,6.5522695,87,58,9,1,0.068194196,0.0065789474,1985,1991,1996,2006,1,0,2,0,6
9768,9798,0,12.903806,7.817469,79,13,7,0,0.08989415,0.011111111,1985,2001,2011,2032,3,0,7,0,0
9798,9828,0,-21.260626,8.018033,32,27,10,4,0.27478632,0.21428572,10,50,89,146,3,0,8,0,1
9828,9858,0,25.471165,9.024418,10,0,5,0,0.17695853,0.0,2975,2984,2997,3022,1,0,5,0,0
9858,9888,0,15.530825,7.820238,70,12,7,2,0.2593089,0.12535612,999,1034,1048,1128,2,0,4,0,2
9888,9918,0,24.887915,8.454034,23,1,4,1,0.2691358,0.11111111,2012,2027,2033,2056,1,0,3,0,1
9918,9948,0,17.10197,6.9753656,37,32,5,5,0.14618507,0.14285715,995,1026,1060,1069,3,0,3,0,1
9948,9978,0,9.376977,7.505472,86,1,5,0,0.08332055,0.0,2480,2487,2496,2543,3,0,4,0,0
9978,10008,0,14.183404,6.9693584,105,3,7,2,0.27023077,0.17553191,1003,1084,1091,1119,3,0,6,0,0
10008,10038,0,15.495149,7.6111517,32,30,5,5,0.14885499,0.13513513,5,34,48,95,3,0,4,0,1
10038,10068,0,17.665821,6.2727,22,2,4,1,0.22646175,0.11290322,2217,2241,2251,2348,3,0,3,0,0
10068,10098,0,28.320028,6.522118,36,9,5,3,0.104395725,0.044247787,2478,2531,2540,2583,4,0,4,0,0
10098,10128,0,26.569326,8.229779,39,0,6,0,0.06687306,0.0,2972,2983,3000,3037,2,0,5,0,1
10128,10158,0,14.052182,7.808684,85,46,7,3,0.20207854,0.19565217,998,1045,1049,1062,2,0,6,0,0
10158,10188,0,12.372484,7.092718,33,18,2,2,0.19707072,0.09090909,11,53,64,79,1,0,2,0,0
10188,10218,0,16.57206,7.13006,38,19,6,1,0.17579678,0.11545455,1001,1014,1028,1087,3,0,4,0,1
10218,10248,0,11.409308,7.808061,125,2,4,1,0.110376164,0.008733625,1988,1989,1990,1997,1,0,3,0,0
10248,10278,0,14.995636,8.005913,81,76,17,15,0.31882507,0.26785713,13,79,103,170,8,0,13,1,4
10278,10308,0,9.679147,7.299902,93,41,9,0,0.066294804,0.0,1983,1992,1996,2028,2,0,8,0,1
10308,10338,0,14.975976,6.165147,22,21,3,4,0.14882474,0.05882353,1984,2047,2050,2113,2,0,3,0,0
10338,10368,0,18.142567,6.4066133,53,27,10,5,0.19871873,0.12972973,998,1041,1063,1143,5,0,9,0,0
10368,10398,0,11.926119,8.971862,33,0,4,0,0.035334807,0.0,2973,2976,2977,2993,1,0,4,0,0
10398,10428,0,20.5282,7.6997156,92,88,10,10,0.26978597,0.18181819,13,32,52,145,6,0,7,0,0
10428,10458,0,11.918369,8.032744,88,17,3,0,0.05969388,0.0,1984,1990,1993,1995,1,0,2,0,0
10458,10488,0,11.048037,7.729094,51,9,4,0,0.0743124,0.0021834061,2478,2486,2496,2510,2,0,3,0,0
10488,10518,0,12.924329,5.821325,73,1,2,0,0.039398734,0.0,996,1000,1004,1008,0,0,2,0,0
10518,10548,0,17.449844,7.79303,29,30,4,6,0.17663684,0.2,997,1042,1072,1277,3,0,3,0,1
10548,10578,0,30.159603,8.389944,52,8,3,2,0.19008319,0.22142857,997,1019,1073,1076,1,0,2,0,0
10578,10608,0,10.32234,8.152194,48,0,2,0,0.04987827,0.0,2972,2978,2986,3000,1,0,2,0,0
10608,10638,0,22.623438,7.5721884,42,32,4,1,0.15241517,0.105326876,998,1014,1022,1044,2,0,3,0,0
10638,10668,0,10.537378,7.6379075,19,3,3,2,0.2261971,0.15662651,1992,2005,2012,2015,1,0,3,0,0
10668,10698,0,12.469614,6.487689,33,20,2,3,0.056730956,0.03529412,1983,1994,2010,2034,1,0,1,0,0
10698,10728,0,9.674366,6.296376,25,0,1,0,0.01790975,0.0,2832,2833,2835,2850,0,0,1,0,0
10728,10758,0,19.9185,8.874893,66,13,13,5,0.15061031,0.052238807,2479,2502,2517,2550,6,0,12,0,1
10758,10788,0,24.329008,10.649111,47,6,5,2,0.1529595,0.098130845,997,1017,1020,1042,3,0,5,0,0
10788,10818,0,13.489196,7.8020983,67,0,12,0,0.08512545,0.0,2972,2982,2991,3010,5,0,9,0,0
10818,10848,0,10.349426,6.257872,38,0,6,0,0.06920884,0.0,2972,2979,2994,3053,2,0,5,0,0
10848,10878,0,19.324575,8.25149,62,34,11,2,0.08725687,0.021978023,1490,1503,1520,1558,5,0,9,0,1
10878,10908,0,23.197538,9.482898,24,4,4,3,0.33703703,0.10185185,2032,2093,2096,2170,3,0,4,0,2
10908,10938,102001,39.786907,6.424529,0,0,0,0,0.0,0.0,0,0,0,0,0,0,0,0,0
10938,10968,0,0.0,0.0,0,0,0,0,0.0,0.0,4950,4950,4950,4950,0,0,0,0,0
10968,10998,0,0.0,0.0,0,0,0,0,0.0,0.0,4950,4950,4950,4950,0,0,0,0,0
10998,11028,0,0.0,0.0,0,0,0,0,0.0,0.0,4950,4950,4950,4950,0,0,0,0,0
11028,11058,0,0.0,0.0,0,0,0,0,0.0,0.0,4950,4950,4950,4950,0,0,0,0,0
11058,11088,0,0.0,0.0,0,0,0,0,0.0,0.0,4950,4950,4950,4950,0,0,0,0,0
11088,11118,0,0.0,0.0,0,0,0,0,0.0,0.0,4950,4950,4950,4950,0,0,0,0,0
11118,11148,0,0.0,0.0,0,0,0,0,0.0,0.0,4950,4950,4950,4950,0,0,0,0,0
11148,11178,0,0.0,0.0,0,0,0,0,0.0,0.0,4950,4950,4950,4950,0,0,0,0,0
11178,11208,0,0.0,0.0,0,0,0,0,0.0,0.0,4950,4950,4950,4950,0,0,0,0,0
11208,11238,0,0.0,0.0,0,0,0,0,0.0,0.0,4950,4950,4950,4950,0,0,0,0,0
11238,11268,0,0.0,0.0,0,0,0,0,0.0,0.0,4950,4950,4950,4950,0,0,0,0,0
11268,11298,0,0.0,0.0,0,0,0,0,0.0,0.0,4950,4950,4950,4950,0,0,0,0,0
11298,11328,0,0.0,0.0,0,0,0,0,0.0,0.0,4950,4950,4950,4950,0,0,0,0,0
11328,11358,0,0.0,0.0,0,0,0,0,0.0,0.0,4950,4950,4950,4950,0,0,0,0,0
11358,11388,0,0.0,0.0,0,0,0,0,0.0,0.0,4950,4950,4950,4950,0,0,0,0,0
11388,11418,0,0.0,0.0,0,0,0,0,0.0,0.0,4950,4950,4950,4950,0,0,0,0,0
11418,11448,0,0.0,0.0,0,0,0,0,0.0,0.0,4950,4950,4950,4950,0,0,0,0,0
11448,11478,0,0.0,0.0,0,0,0,0,0.0,0.0,4950,4950,4950,4950,0,0,0,0,0
11478,11508,0,0.0,0.0,0,0,0,0,0.0,0.0,4950,4950,4950,4950,0,0,0,0,0
11538,11568,0,0.0,0.0,0,0,0,0,0.0,0.0,4950,4950,4950,4950,0,0,0,0,0
11568,11598,0,0.0,0.0,0,0,0,0,0.0,0.0,4950,4950,4950,4950,0,0,0,0,0
11598,11628,0,0.0,0.0,0,0,0,0,0.0,0.0,4950,4950,4950,4950,0,0,0,0,0
11628,11658,0,0.0,0.0,0,0,0,0,0.0,0.0,4950,4950,4950,4950,0,0,0,0,0
11658,11688,0,0.0,0.0,0,0,0,0,0.0,0.0,4950,4950,4950,4950,0,0,0,0,0
11688,11718,0,0.0,0.0,0,0,0,0,0.0,0.0,4950,4950,4950,4950,0,0,0,0,0
11718,11748,0,0.0,0.0,0,0,0,0,0.0,0.0,4950,4950,4950,4950,0,0,0,0,0
11748,11778,0,0.0,0.0,0,0,0,0,0.0,0.0,4950,4950,4950,4950,0,0,0,0,0
11778,11808,0,0.0,0.0,0,0,0,0,0.0,0.0,4950,4950,4950,4950,0,0,0,0,0
11808,11838,0,0.0,0.0,0,0,0,0,0.0,0.0,4950,4950,4950,4950,0,0,0,0,0
11838,11868,0,0.0,0.0,0,0,0,0,0.0,0.0,4950,4950,4950,4950,0,0,0,0,0
11868,11898,0,0.0,0.0,0,0,0,0,0.0,0.0,4950,4950,4950,4950,0,0,0,0,0
11898,11928,0,0.0,0.0,0,0,0,0,0.0,0.0,4950,4950,4950,4950,0,0,0,0,0
11928,11958,0,0.0,0.0,0,0,0,0,0.0,0.0,4950,4950,4950,4950,0,0,0,0,0
11958,11988,0,0.0,0.0,0,0,0,0,0.0,0.0,4950,4950,4950,4950,0,0,0,0,0
11988,12018,0,0.0,0.0,0,0,0,0,0.0,0.0,4950,4950,4950,4950,0,0,0,0,0
12018,12048,0,0.0,0.0,0,0,0,0,0.0,0.0,4950,4950,4950,4950,0,0,0,0,0
12048,12078,0,0.0,0.0,0,0,0,0,0.0,0.0,4950,4950,4950,4950,0,0,0,0,0
12078,12108,0,0.0,0.0,0,0,0,0,0.0,0.0,4950,4950,4950,4950,0,0,0,0,0
12138,12168,0,0.0,0.0,0,0,0,0,0.0,0.0,4950,4950,4950,4950,0,0,0,0,0
12168,12198,0,0.0,0.0,0,0,0,0,0.0,0.0,4950,4950,4950,4950,0,0,0,0,0
12198,12228,0,0.0,0.0,0,0,0,0,0.0,0.0,4950,4950,4950,4950,0,0,0,0,0
12228,12258,0,0.0,0.0,0,0,0,0,0.0,0.0,4950,4950,4950,4950,0,0,0,0,0
12258,12288,0,0.0,0.0,0,0,0,0,0.0,0.0,4950,4950,4950,4950,0,0,0,0,0
12288,12318,0,0.0,0.0,0,0,0,0,0.0,0.0,4950,4950,4950,4950,0,0,0,0,0
12318,12348,0,0.0,0.0,0,0,0,0,0.0,0.0,4950,4950,4950,4950,0,0,0,0,0
12348,12378,0,0.0,0.0,0,0,0,0,0.0,0.0,4950,4950,4950,4950,0,0,0,0,0
12378,12408,0,0.0,0.0,0,0,0,0,0.0,0.0,4950,4950,4950,4950,0,0,0,0,0
12408,12438,0,0.0,0.0,0,0,0,0,0.0,0.0,4950,4950,4950,4950,0,0,0,0,0
12438,12468,0,0.0,0.0,0,0,0,0,0.0,0.0,4950,4950,4950,4950,0,0,0,0,0
12468,12498,0,0.0,0.0,0,0,0,0,0.0,0.0,4950,4950,4950,4950,0,0,0,0,0
12498,12528,0,0.0,0.0,0,0,0,0,0.0,0.0,4950,4950,4950,4950,0,0,0,0,0
12528,12558,0,0.0,0.0,0,0,0,0,0.0,0.0,4950,4950,4950,4950,0,0,0,0,0
12558,12588,0,0.0,0.0,0,0,0,0,0.0,0.0,4950,4950,4950,4950,0,0,0,0,0
12588,12618,0,0.0,0.0,0,0,0,0,0.0,0.0,4950,4950,4950,4950,0,0,0,0,0
12618,12648,0,0.0,0.0,0,0,0,0,0.0,0.0,4950,4950,4950,4950,0,0,0,0,0
12648,12678,0,0.0,0.0,0,0,0,0,0.0,0.0,4950,4950,4950,4950,0,0,0,0,0
12708,12738,0,0.0,0.0,0,0,0,0,0.0,0.0,4950,4950,4950,4950,0,0,0,0,0
12738,12768,0,0.0,0.0,0,0,0,0,0.0,0.0,4950,4950,4950,4950,0,0,0,0,0
12768,12798,0,0.0,0.0,0,0,0,0,0.0,0.0,4950,4950,4950,4950,0,0,0,0,0
12798,12828,0,12.983099,8.247329,59,0,5,0,0.10264246,0.0,2973,2997,3007,3071,2,0,4,0,1
12828,12858,0,17.76523,7.488924,54,34,4,3,0.1932763,0.07796781,1001,1019,1043,1122,2,0,3,0,0
12858,12888,0,13.4713335,7.206473,106,27,8,1,0.045942627,0.0033557047,1984,1988,1997,2027,2,0,7,0,1
12888,12918,0,14.451685,7.873157,73,28,9,3,0.3084566,0.11328125,1007,1020,1032,1087,5,0,6,1,2
12918,12948,0,19.390844,9.020039,109,7,12,2,0.12637135,0.011002445,1987,2000,2020,2059,4,0,11,0,1
12948,12978,0,16.151712,8.686457,84,21,26,2,0.14927928,0.0952381,997,1007,1020,1047,4,0,23,0,3
12978,13008,0,14.17868,7.3903265,26,5,2,1,0.078513846,0.05172414,1983,1990,1994,2009,0,0,2,0,0
13008,13038,0,14.38877,8.059858,66,0,5,0,0.032595843,0.0,2972,2976,2981,3020,2,0,5,0,1
13038,13068,0,8.447534,7.618124,217,69,7,4,0.08013202,0.007751938,997,1003,1006,1060,2,0,6,0,0
13068,13098,0,22.433344,8.710847,87,16,12,6,0.19887261,0.13981763,996,1013,1033,1117,5,0,8,0,3
13098,13128,0,13.176468,7.041381,37,18,6,2,0.11155884,0.11142563,1983,2020,2040,2075,2,0,4,0,0
13128,13158,0,20.965523,5.8744283,109,1,0,1,0.250738,0.003690037,1987,1992,1992,1993,0,0,0,0,0
13158,13188,0,10.715772,8.111956,120,19,2,3,0.060601164,0.0055762082,1983,1999,2035,2046,1,0,2,0,0
13188,13218,0,11.6875,8.020771,78,22,5,2,0.16487058,0.017550506,1492,1521,1526,1571,2,0,4,0,1
13218,13248,0,7.5925345,7.514818,151,0,10,0,0.01934236,0.0,2973,2974,2977,2993,3,0,8,0,2
13248,13278,0,16.702398,8.336188,92,39,4,1,0.027457083,0.015151516,2478,2481,2485,2550,3,0,2,0,1
13278,13308,0,10.740537,7.57014,105,117,6,4,0.05226369,0.01509434,1983,1990,1995,2038,3,0,5,0,0
13308,13338,0,10.013391,7.183202,102,16,3,4,0.29105562,0.3125,12,63,67,79,2,0,2,0,0
13338,13368,0,23.390484,6.428016,39,0,5,0,0.07479439,0.0,2972,3070,3074,3089,2,0,4,0,0
13368,13398,0,11.734741,6.5981464,66,9,8,3,0.12979221,0.10408922,1987,2012,2016,2031,2,0,7,0,0
13398,13428,0,9.167328,8.059462,163,0,14,0,0.01764706,0.0,3961,3962,3964,3973,2,0,11,0,4
13428,13458,0,11.6551485,7.763091,66,60,6,2,0.15146549,0.08734746,502,521,534,589,2,0,4,0,1
13458,13488,0,11.467211,8.001381,66,0,3,0,0.055825245,0.0,2973,2983,2983,3005,2,0,2,0,0
13488,13518,0,10.450737,7.776354,60,5,4,2,0.19713953,0.039438248,1512,1522,1524,1540,2,0,3,0,1
13518,13548,0,13.780305,8.040287,157,0,0,0,0.0010191083,0.0,3961,3961,3961,3962,0,0,0,0,0
13548,13578,0,8.182899,6.1276326,67,2,7,2,0.29915702,0.07541412,1507,1511,1517,1534,3,0,5,0,2
13578,13608,0,13.6117115,8.06254,35,35,3,1,0.05292493,0.028571429,1983,1988,1993,2016,1,0,2,0,0
13608,13638,0,11.162474,7.702277,89,20,5,2,0.26955536,0.15,1000,1020,1023,1039,1,0,4,0,2
13638,13668,0,15.2856655,6.244292,16,19,4,4,0.35215312,0.2631579,999,1034,1044,1055,2,0,3,0,0
13668,13698,0,10.423917,7.523477,84,41,9,3,0.09287177,0.037155636,1489,1506,1522,1594,4,0,6,0,2
13698,13728,0,17.136143,8.354796,106,30,9,9,0.21733117,0.14655173,1002,1014,1029,1072,4,0,6,0,1
13728,13758,474,9.086188,7.942443,107,4,8,2,0.12626676,0.0375,2022,2044,2048,2090,3,0,5,0,2
13758,13788,0,13.092678,7.00248,47,14,4,4,0.2677684,0.059882008,1513,1528,1537,1569,3,0,2,0,1
13788,13818,190,11.650026,6.900731,75,1,3,1,0.28811026,0.019498607,1992,2009,2041,2044,1,0,2,0,1
13818,13848,216,12.396879,7.036078,41,1,2,0,0.1692283,0.020512821,1990,1992,1994,2017,1,0,2,0,0
13848,13878,0,8.009482,7.1082587,96,94,5,1,0.1340452,0.053030305,1000,1004,1006,1033,2,0,3,0,1
13878,13908,0,11.142606,8.061613,116,99,7,5,0.14956413,0.045081966,1005,1010,1014,1052,3,0,4,0,2
13908,13938,0,14.365425,8.031092,60,31,10,3,0.33308637,0.07177033,1005,1027,1041,1062,4,0,8,0,1
13938,13968,0,11.7202635,7.620908,61,0,10,0,0.11723451,0.0,2974,2980,2986,3009,2,0,9,0,1
13968,13998,0,11.631172,7.96994,93,91,5,2,0.25296745,0.081746034,11,20,29,54,2,0,3,0,1
13998,14028,0,10.660883,7.502841,55,1,6,0,0.061423592,0.0,1984,1990,1996,2023,2,0,5,0,1
14028,14058,0,11.201879,6.716527,54,0,9,0,0.051524203,0.0,3302,3308,3316,3339,4,0,8,0,1
14058,14088,0,22.915848,11.701426,62,23,5,1,0.033661153,0.014563107,1654,1658,1673,1713,4,0,3,0,0
14088,14118,0,9.678299,7.374023,81,17,14,2,0.098200575,0.020833334,996,1005,1028,1042,3,0,8,0,7
14118,14148,0,8.721448,6.797351,49,27,4,3,0.07177612,0.072916664,1490,1505,1517,1552,3,0,3,0,0
14148,14178,305,20.085627,8.324055,59,6,7,4,0.28454405,0.19387755,1002,1054,1060,1098,4,0,5,0,1
14178,14208,234,11.916732,8.406239,28,0,4,0,0.033333335,0.0,3961,3964,3968,3981,1,0,4,0,0
14208,14238,0,12.619242,8.121729,73,0,6,0,0.06382011,0.0,2973,2985,2988,3008,2,0,5,0,0
14238,14268,0,17.40799,7.734586,130,92,13,7,0.30220157,0.11610487,10,24,37,122,7,0,11,0,1
14268,14298,0,10.394142,7.801439,72,1,3,0,0.20893855,0.0,1988,1989,1989,2003,2,0,3,0,0
14298,14328,0,7.9550233,7.7757826,30,5,0,0,0.0048,0.0,1984,1987,1987,1994,0,0,0,0,0
14328,14358,0,11.74223,7.871459,54,3,5,1,0.19735637,0.04584775,1987,2032,2041,2062,2,0,4,0,0
14358,14388,0,19.702246,7.9030924,87,0,11,0,0.07380462,0.0,2974,2979,2987,3006,3,0,8,0,3
14388,14418,0,9.26466,6.2596664,70,0,11,0,0.0571702,0.0,2972,2978,2986,3083,4,0,9,0,2
14418,14448,0,10.485961,7.510444,43,13,2,1,0.14846294,0.05846154,1015,1026,1037,1047,1,0,1,0,0
14448,14478,0,17.574564,8.925348,47,44,6,6,0.17841649,0.12727273,995,1014,1024,1045,3,0,3,0,1
14478,14508,0,10.878099,6.510604,49,56,4,4,0.21692693,0.15789473,9,27,52,82,3,0,3,0,0
14508,14538,0,14.542308,7.951162,39,1,4,0,0.118131086,0.018518519,2480,2500,2507,2533,2,0,4,0,0
14538,14568,224,14.495704,4.590156,135,122,25,15,0.36251837,0.21319798,1010,1034,1051,1113,9,0,16,1,11
14568,14598,0,18.629341,8.163008,64,23,4,2,0.2634688,0.21212122,1001,1044,1071,1191,2,0,3,0,1
14598,14628,0,53.92245,13.108209,23,21,8,5,0.2938157,0.2244898,1002,1075,1230,1261,4,0,7,0,2
14628,14658,0,13.340963,8.117326,104,10,17,6,0.25569072,0.31623933,1000,1031,1032,1053,3,0,16,0,2
14658,14688,0,21.12246,13.426409,14,0,4,0,0.17187396,0.0,2977,3022,3038,3050,1,0,2,0,1
14688,14718,268,39.785633,11.832337,128,0,0,0,9.360374E-4,0.0,3961,3961,3961,3962,0,0,0,0,0
14718,14748,0,10.725911,8.082215,149,149,11,4,0.07161243,0.009153318,1984,1992,2007,2052,5,0,9,0,2
14748,14778,0,10.016523,7.258655,51,2,7,2,0.30643567,0.15177795,1498,1504,1520,1543,3,0,5,0,1
14778,14808,0,15.170874,7.1864157,5,0,1,0,0.22962964,0.0,2983,3012,3022,3082,1,0,0,0,0
14808,14838,0,23.66184,6.700569,30,0,2,0,0.013245033,0.0,3961,3962,3964,3981,1,0,1,0,0
14838,14868,200,9.389951,7.424293,52,38,4,3,0.10229613,0.1011011,995,1012,1031,1055,3,0,3,0,0
14868,14898,258,9.79165,8.232719,47,24,6,6,0.31274626,0.11278196,999,1010,1027,1053,4,0,5,0,0
14898,14928,290,13.128822,12.876179,179,22,2,2,0.046737507,0.0094451,1984,2003,2012,2056,1,0,2,0,0
14928,14958,0,-80.129974,6.8735847,26,0,3,0,0.07210061,0.0,2972,2981,2989,3012,1,0,2,0,0
14958,14988,272,17.995836,7.5637627,33,35,6,6,0.11655961,0.15555556,1983,2007,2029,2043,4,0,5,0,0
14988,15018,0,10.2794695,7.731998,53,5,5,2,0.104060516,0.010479042,2478,2488,2500,2531,2,0,4,0,0
15018,15048,233,19.338837,6.830434,52,1,4,0,0.033354837,0.0,1985,1987,1991,2009,1,0,2,0,0
15048,15078,0,9.884266,7.919372,0,0,0,0,0.0,0.0,0,0,0,0,0,0,0,0,0
