time_start_sec,draw_time_avg,janky_frames,missed_vsync_count,slow_ui_thread_count,slow_bitmap_uploads_count,slow_issue_draw_commands_count,draw_time_avg_ma,janky_frames_ma
80,39.16869,1,1,0,0,0,,
110,15.882146,0,0,0,0,0,,
140,20.498453,1,0,0,0,0,,
170,185.34108,0,0,0,0,0,,
200,21.2417,0,0,0,0,0,,
230,12.09289,0,0,0,0,0,,
260,95.19918,0,0,0,0,0,55.63201985714285,0.2857142857142857
290,57.480927,8,7,8,7,1,58.24805371428572,1.2857142857142858
320,100.95728,14,13,14,13,2,70.40164428571428,3.2857142857142856
350,66.74822,7,5,7,6,2,77.00875385714286,4.142857142857143
380,79.721,0,0,0,0,0,61.920170999999996,4.142857142857143
410,76.87897,9,6,7,7,3,69.86835242857143,5.428571428571429
440,54.45017,14,12,14,14,1,75.91939242857143,7.428571428571429
470,68.841774,0,0,0,0,0,72.15404871428571,7.428571428571429
530,131.31815,3,1,1,0,2,82.70222342857141,6.714285714285714
560,29.37838,3,2,2,1,2,72.47666628571429,5.142857142857143
590,106.606186,0,0,0,0,0,78.17066142857142,4.142857142857143
620,18.398441,1,0,1,1,0,69.41029585714286,4.285714285714286
650,14.410103,0,0,0,0,0,60.486171999999996,3.0
680,84.304756,2,1,1,0,1,64.75111285714286,1.2857142857142858
710,33.2909,1,1,1,0,1,59.67241657142856,1.4285714285714286
740,36.45916,2,1,1,0,1,46.121132285714275,1.2857142857142858
770,47.392597,1,0,0,0,0,48.694591857142846,1.0
800,121.863976,10,4,7,3,5,50.874276142857134,2.4285714285714284
830,31.98527,2,1,1,0,1,52.8152517142857,2.5714285714285716
860,35.928097,0,0,0,0,0,55.88925085714285,2.5714285714285716
890,78.66233,0,0,0,0,0,55.083189999999995,2.2857142857142856
920,37.561832,2,1,2,1,0,55.69332314285713,2.4285714285714284
950,21.273125,0,0,0,0,0,53.52388957142856,2.142857142857143
980,68.65701,12,9,11,11,1,56.56166285714284,3.7142857142857144
1010,37.987415,18,14,18,18,2,44.57929699999999,4.857142857142857
1040,21.547525,0,0,0,0,0,43.08819057142857,4.571428571428571
1070,153.97087,0,0,0,0,0,59.95144385714285,4.571428571428571
1100,89.132385,0,0,0,0,0,61.44716599999999,4.571428571428571
1130,57.420853,5,3,3,2,1,64.28416899999999,5.0
1160,35.447395,8,3,6,3,4,66.30906471428571,6.142857142857143
1190,17.468239,2,0,1,0,2,58.996383142857134,4.714285714285714
1220,145.18524,0,0,0,0,0,74.31035814285714,2.142857142857143
1250,108.86015,0,0,0,0,0,86.78359028571427,2.142857142857143
1280,43.39416,3,1,2,1,2,70.98691742857143,2.5714285714285716
1310,39.821342,0,0,0,0,0,63.9424827142857,2.5714285714285716
1340,38.715305,5,4,5,4,1,61.270261571428556,2.5714285714285716
1370,41.129555,9,4,8,7,1,62.08199871428571,2.7142857142857144
1400,33.916073,2,0,2,2,0,64.43168928571428,2.7142857142857144
1430,25.50932,2,0,1,1,1,47.33512928571428,3.0
1460,61.978302,0,0,0,0,0,40.637722428571415,3.0
1520,183.22884,2,1,2,1,2,60.61410528571428,2.857142857142857
1550,66.93585,4,2,4,3,1,64.48760642857141,3.4285714285714284
1580,64.98846,1,0,1,0,1,68.24091428571428,2.857142857142857
1610,87.284164,1,1,1,0,1,74.83442985714285,1.7142857142857142
1640,160.00528,1,1,1,0,1,92.84717371428572,1.5714285714285714
1670,77.02947,1,0,0,0,1,100.20719514285715,1.4285714285714286
1700,31.857231,0,0,0,0,0,95.904185,1.4285714285714286
1730,33.291832,2,0,2,2,1,74.48461242857142,1.4285714285714286
1760,37.864014,2,1,2,1,1,70.331493,1.1428571428571428
1790,50.55608,4,1,3,1,2,68.26972442857142,1.5714285714285714
1820,45.56794,1,0,0,0,0,62.31026385714285,1.5714285714285714
1850,41.634163,1,1,1,0,1,45.40010428571428,1.5714285714285714
1880,36.956757,2,0,1,1,1,39.675430999999996,1.7142857142857142
1910,125.46336,2,1,1,0,1,53.04773514285713,2.0
1940,47.95649,5,2,3,1,3,55.14268628571428,2.4285714285714284
1970,35.280376,2,0,2,1,1,54.77359514285713,2.4285714285714284
2000,77.46448,1,0,0,0,0,58.61765228571427,2.0
2030,149.32722,2,0,2,1,0,73.44040657142857,2.142857142857143
2060,52.670986,3,2,2,0,2,75.01709557142856,2.4285714285714284
2090,42.455505,5,3,4,4,2,75.80263099999999,2.857142857142857
2120,33.62548,1,0,1,0,0,62.68293385714286,2.7142857142857144
2150,50.709892,0,0,0,0,0,63.07627699999999,2.0
2180,34.8766,0,0,0,0,0,63.018594714285705,1.7142857142857142
2210,120.36835,3,1,2,2,1,69.147719,2.0
2240,40.77723,0,0,0,0,0,53.64057757142856,1.7142857142857142
2270,104.55792,0,0,0,0,0,61.05299671428571,1.2857142857142858
2300,32.83658,4,2,3,2,2,59.67886457142856,1.1428571428571428
2330,37.342045,0,0,0,0,0,60.20980242857142,1.0
2360,86.51806,1,0,1,0,0,65.325255,1.1428571428571428
2390,29.178925,5,2,4,3,1,64.51130142857143,1.8571428571428572
2420,49.156597,0,0,0,0,0,54.338193857142855,1.4285714285714286
2450,53.78446,1,1,1,0,1,56.196369571428555,1.5714285714285714
2480,58.233784,5,2,4,3,3,49.57863585714285,2.2857142857142856
2510,55.46272,0,0,0,0,0,52.81094157142856,1.7142857142857142
2540,44.556355,0,0,0,0,0,53.84155728571427,1.7142857142857142
2570,52.844734,4,1,2,2,1,49.03108214285714,2.142857142857143
2600,31.902645,1,0,0,0,0,49.420185,1.5714285714285714
2630,36.378067,1,1,0,0,0,47.5946807142857,1.7142857142857142
2660,35.521027,1,0,1,1,0,44.98561885714285,1.7142857142857142
2690,51.15583,0,0,0,0,0,43.97448257142856,1.0
2720,33.30038,3,1,1,1,2,40.80843399999999,1.4285714285714286
2750,31.266487,2,0,1,1,0,38.90988142857142,1.7142857142857142
2780,66.56023,7,4,5,1,4,40.869237999999996,2.142857142857143
2810,40.04101,7,3,5,3,4,42.031861571428564,3.0
2840,27.419184,19,3,10,5,10,40.75202114285714,5.571428571428571
2870,26.190985,3,1,2,1,1,39.41915799999999,5.857142857142857
2900,93.14698,8,1,3,1,4,45.41789371428571,7.0
2930,21.718117,10,4,9,1,3,43.7632847142857,8.0
2960,15.481903,8,1,7,1,1,41.50834414285714,8.857142857142858
2990,23.557953,0,0,0,0,0,35.365161714285705,7.857142857142857
3020,11.399019,2,0,2,1,0,31.273448714285706,7.142857142857143
3050,10.122623,3,0,2,2,1,28.80251142857142,4.857142857142857
3080,28.267422,5,1,3,3,2,29.099145285714275,5.142857142857143
3110,26.174028,1,0,1,0,0,19.531580714285706,4.142857142857143
3140,19.411087,8,1,5,3,4,19.20200499999999,3.857142857142857
3170,15.285115,0,0,0,0,0,19.173892428571424,2.7142857142857144
3200,30.260262,1,0,0,0,0,20.131365142857135,2.857142857142857
3230,148.89989,0,0,0,0,0,39.7743467142857,2.5714285714285716
3260,27.07607,0,0,0,0,0,42.1962677142857,2.142857142857143
3290,39.169704,0,0,0,0,0,43.75373657142857,1.4285714285714286
3320,96.43716,0,0,0,0,0,53.79132685714285,1.2857142857142858
3350,146.69463,1,0,0,0,0,71.97469014285714,0.2857142857142857
3380,52.85603,0,0,0,0,0,77.34196371428571,0.2857142857142857
3410,135.8796,0,0,0,0,0,92.43044057142856,0.14285714285714285
3440,157.89182,0,0,0,0,0,93.715002,0.14285714285714285
3470,57.929234,0,0,0,0,0,98.12259685714285,0.14285714285714285
3500,21.29458,1,0,1,0,0,95.5690077142857,0.2857142857142857
3530,114.6412,0,0,0,0,0,98.16958485714284,0.2857142857142857
3560,113.79842,0,0,0,0,0,93.47012628571427,0.14285714285714285
3590,24.030958,0,0,0,0,0,89.35225885714286,0.14285714285714285
3620,143.47757,0,0,0,0,0,90.43768314285714,0.14285714285714285
3650,38.167965,0,0,0,0,0,73.33427528571428,0.14285714285714285
3680,124.05657,0,0,0,0,0,82.78103757142857,0.14285714285714285
3710,29.392656,0,0,0,0,0,83.93790557142857,0.0
3740,121.43183,1,0,1,0,1,84.90799557142857,0.14285714285714285
3770,40.237766,0,0,0,0,0,74.39933071428571,0.14285714285714285
3800,42.683426,1,0,0,0,0,77.063969,0.2857142857142857
3830,79.13457,0,0,0,0,0,67.87211185714285,0.2857142857142857
3860,152.3599,0,0,0,0,0,84.18524542857142,0.2857142857142857
3890,99.29091,0,0,0,0,0,80.64729399999999,0.2857142857142857
3920,52.98552,0,0,0,0,0,84.01770314285714,0.2857142857142857
3950,133.99815,1,0,0,0,0,85.81289171428571,0.2857142857142857
4010,31.798,0,0,0,0,0,84.60721085714285,0.2857142857142857
4040,161.05496,0,0,0,0,0,101.51742999999999,0.14285714285714285
4070,51.315567,0,0,0,0,0,97.5432867142857,0.14285714285714285
4100,64.62808,1,0,0,0,1,85.01016957142858,0.2857142857142857
4130,51.30446,0,0,0,0,0,78.15496242857141,0.2857142857142857
4160,24.846706,0,0,0,0,0,74.13513185714285,0.2857142857142857
4190,94.31464,1,0,0,0,0,68.466059,0.2857142857142857
4220,77.79264,1,0,0,0,1,75.03672185714285,0.42857142857142855
4250,47.386578,0,0,0,0,0,58.79838157142856,0.42857142857142855
4280,73.215965,0,0,0,0,0,61.92700985714284,0.42857142857142855
4310,48.418655,0,0,0,0,0,59.6113777142857,0.2857142857142857
4340,92.52129,0,0,0,0,0,65.49949628571429,0.2857142857142857
4370,34.42506,16,5,12,2,5,66.86783257142856,2.5714285714285716
4400,34.987553,4,2,2,1,1,58.392534428571416,3.0
4430,21.729769,3,2,2,1,1,50.383552857142845,3.2857142857142856
4460,16.262442,4,1,3,1,1,45.937247714285704,3.857142857142857
4490,13.745802,2,0,2,1,0,37.44151014285713,4.142857142857143
4520,11.5870495,6,0,3,2,2,32.17985221428571,5.0
4550,13.267865,0,0,0,0,0,20.857934357142852,5.0
4580,24.500998,4,1,3,3,1,19.440211214285707,3.2857142857142856
4610,23.731922,2,1,2,0,0,17.83226392857142,3.0
4640,38.908104,28,22,26,24,5,20.28631178571428,6.571428571428571
4670,58.578953,0,0,0,0,0,26.331527642857136,6.0
4700,148.85027,0,0,0,0,0,45.63216592857142,5.714285714285714
4790,39.53241,45,8,16,6,34,49.624360285714275,11.285714285714286
4820,38.224033,0,0,0,0,0,53.18952714285713,11.285714285714286
4850,17.40212,6,1,3,0,5,52.175401714285705,11.571428571428571
4880,39.630543,45,41,45,45,3,54.44663328571427,17.714285714285715
4910,57.778988,34,4,10,2,27,57.14247385714285,18.571428571428573
4940,35.25725,3,3,3,2,0,53.81080199999999,19.0
4970,38.30583,0,0,0,0,0,38.018739142857136,19.0
5000,55.65046,20,19,20,20,1,40.321317714285705,15.428571428571429
5030,22.113235,4,1,3,0,1,38.019775142857135,16.0
5060,28.173656,3,1,2,1,2,39.55856599999999,15.571428571428571
5090,88.67783,4,3,3,2,1,46.565321285714276,9.714285714285714
5150,39.69384,5,0,1,0,4,43.981728714285694,5.571428571428571
5180,27.906515,25,2,8,1,21,42.931623714285706,8.714285714285714
5210,32.015823,37,7,13,4,26,42.03305128571428,14.0
5240,34.354618,10,2,6,4,4,38.990788142857134,12.571428571428571
5270,26.114092,2,1,2,1,1,39.562339142857134,12.285714285714286
5300,45.60261,0,0,0,0,0,42.0521897142857,11.857142857142858
5330,81.033356,33,3,10,2,28,40.96012199999999,16.0
5360,27.785975,20,4,7,4,16,39.25899842857142,18.142857142857142
5390,36.6355,13,1,4,0,10,40.505996285714275,16.428571428571427
5420,64.01136,3,1,1,0,2,45.07678728571427,11.571428571428571
5450,37.737926,3,1,2,0,1,45.560116999999984,10.571428571428571
5480,95.99679,2,1,1,0,1,55.54335957142856,10.571428571428571
5510,34.474804,25,5,11,5,17,53.95367299999998,14.142857142857142
5540,24.578712,3,1,2,1,1,45.88872385714284,9.857142857142858
5570,54.610794,4,1,2,0,3,49.72084085714284,7.571428571428571
5600,51.19562,2,0,1,0,2,51.80085799999999,6.0
5630,39.47578,4,1,2,0,4,48.295775142857124,6.142857142857143
5660,23.731226,12,0,1,0,7,46.29481799999998,7.428571428571429
5690,80.64806,0,0,0,0,0,44.10214228571427,7.142857142857143
5720,137.25626,5,0,1,0,3,58.78520742857142,4.285714285714286
5750,27.206686,29,1,5,2,21,59.16063228571427,8.0
5780,24.480667,8,1,2,0,6,54.85632842857142,8.571428571428571
5810,19.476534,6,2,4,1,4,50.32503042857142,9.142857142857142
5840,50.250164,8,4,8,7,4,51.86422814285714,9.714285714285714
5870,37.921616,0,0,0,0,0,53.89142671428571,8.0
5900,23.470728,2,0,1,0,1,45.72323642857142,8.285714285714286
5930,64.18182,0,0,0,0,0,35.284030714285706,7.571428571428571
5960,91.254196,1,0,1,0,0,44.433674999999994,3.5714285714285716
5990,19.706104,2,1,2,1,1,43.751594571428555,2.7142857142857144
6020,14.40723,0,0,0,0,0,43.02740828571428,1.8571428571428572
6050,126.45275,0,0,0,0,0,53.913491999999984,0.7142857142857143
6080,50.208447,26,11,17,12,13,55.66875357142857,4.428571428571429
6110,44.527985,0,0,0,0,0,58.67693314285714,4.142857142857143
6140,55.652824,7,3,4,2,5,57.458505142857135,5.142857142857143
6170,24.431915,29,2,7,1,24,47.91246499999999,9.142857142857142
6200,23.038593,10,1,2,0,8,48.38853485714285,10.285714285714286
6230,22.611988,14,0,3,1,8,49.56064314285714,12.285714285714286
6260,23.55666,21,2,6,0,16,34.861201714285706,15.285714285714286
6320,26.056852,33,7,11,4,27,31.410973857142853,16.285714285714285
6350,41.15483,16,9,11,9,6,30.929094571428568,18.571428571428573
6380,28.672499,0,0,0,0,0,27.07476242857142,17.571428571428573
6410,32.98713,0,0,0,0,0,28.29693599999999,13.428571428571429
6440,176.76326,0,0,0,0,0,50.25760271428571,12.0
6470,29.463123,34,6,13,2,27,51.23633628571428,14.857142857142858
6500,46.511135,0,0,0,0,0,54.51554699999999,11.857142857142858
6530,21.567408,0,0,0,0,0,53.87419785714285,7.142857142857143
6560,20.267883,29,5,13,3,23,50.890348285714275,9.0
6590,28.711563,6,0,2,0,3,50.895928857142856,9.857142857142858
6620,23.632467,1,0,0,0,0,49.559548428571425,10.0
6650,26.670227,0,0,0,0,0,28.117686571428568,10.0
6680,128.52754,8,4,7,5,1,42.26974614285713,6.285714285714286
6710,37.99119,7,1,2,2,5,41.05261114285713,7.285714285714286
6740,39.057934,1,0,1,0,1,43.55125771428571,7.428571428571429
6770,10.694975,0,0,0,0,0,42.18369942857142,3.2857142857142856
6800,119.32414,0,0,0,0,0,55.12835328571428,2.4285714285714284
6830,67.823975,5,1,4,3,2,61.441425857142846,3.0
6860,26.157372,2,1,1,0,1,61.368160857142854,3.2857142857142856
6890,25.790154,5,0,2,0,4,46.69139142857143,2.857142857142857
6920,36.740665,2,0,1,1,0,46.512744999999995,2.142857142857143
6950,27.08238,3,0,1,0,3,44.80195157142856,2.4285714285714284
6980,50.297283,22,19,21,19,3,50.45942414285714,5.571428571428571
7010,83.21779,7,1,2,0,6,45.301374142857135,6.571428571428571
7040,36.503235,8,0,5,2,6,40.826982714285705,7.0
7100,23.52857,5,0,1,0,3,40.451439571428566,7.428571428571429
7130,156.16985,7,2,4,1,5,59.07711042857142,7.714285714285714
7160,78.135994,24,6,15,5,20,64.99072885714284,10.857142857142858
7220,42.635895,0,0,0,0,0,67.21265957142857,10.428571428571429
7250,99.68278,0,0,0,0,0,74.26773057142857,7.285714285714286
7280,95.381355,31,4,11,1,26,76.0053827142857,10.714285714285714
7310,29.04605,22,2,6,0,16,74.94007057142856,12.714285714285714
7340,22.572443,8,0,2,0,6,74.80348099999999,13.142857142857142
7370,81.24325,3,2,1,0,2,64.09968099999999,12.571428571428571
7400,150.85367,0,0,0,0,0,74.48792042857141,9.142857142857142
7430,97.8701,0,0,0,0,0,82.37852114285714,9.142857142857142
7460,40.8728,0,0,0,0,0,73.97709542857142,9.142857142857142
7490,68.6087,0,0,0,0,0,70.15243042857142,4.714285714285714
7520,195.78862,0,0,0,0,0,93.97279757142857,1.5714285714285714
7550,41.15381,0,0,0,0,0,96.62727857142855,0.42857142857142855
7580,127.705185,0,0,0,0,0,103.26469785714285,0.0
7610,60.64815,0,0,0,0,0,90.37819499999999,0.0
7640,118.564354,0,0,0,0,0,93.33451699999999,0.0
7670,67.75126,0,0,0,0,0,97.174297,0.0
7700,29.544296,0,0,0,0,0,91.59366785714285,0.0
7730,43.095146,0,0,0,0,0,69.78031442857142,0.0
7760,90.72832,0,0,0,0,0,76.86238728571428,0.0
7790,36.772877,1,0,0,0,0,63.87205757142856,0.14285714285714285
7820,88.39454,0,0,0,0,0,67.83582757142857,0.14285714285714285
7850,164.87083,1,0,1,0,1,74.45103842857144,0.2857142857142857
7940,52.75536,41,40,41,41,1,72.308767,6.142857142857143
8030,113.39239,0,0,0,0,0,84.28706614285714,6.142857142857143
8090,54.185192,0,0,0,0,0,85.87135842857141,6.142857142857143
8120,53.852375,37,31,37,37,2,80.60336628571429,11.428571428571429
8150,58.44251,18,15,18,17,0,83.69902814285714,13.857142857142858
8180,49.02591,44,39,44,43,0,78.07493814285714,20.142857142857142
8210,58.560192,14,12,14,13,1,62.88770414285714,22.0
8240,66.793945,1,0,0,0,0,64.89321628571427,16.285714285714285
8270,145.67722,11,10,11,10,2,69.50533485714284,17.857142857142858
8300,67.50947,0,0,0,0,0,71.40880314285712,17.857142857142858
8330,38.901627,44,3,13,1,35,69.27298199999998,18.857142857142858
8360,27.38837,0,0,0,0,0,64.83667628571428,16.285714285714285
8390,26.332104,15,1,6,1,10,61.594703999999986,12.142857142857142
8420,50.33759,0,0,0,0,0,60.42004657142856,10.142857142857142
8450,124.67704,1,0,0,0,0,68.68906014285713,10.142857142857142
8480,67.878,14,1,6,2,11,57.57488585714285,10.571428571428571
8510,35.423466,4,1,3,2,2,52.991170999999994,11.142857142857142
8540,56.05455,4,1,3,1,2,55.44158857142856,5.428571428571429
8570,28.166054,2,1,2,1,1,55.55268628571428,5.714285714285714
8600,28.902987,12,0,2,0,11,55.91995528571427,5.285714285714286
8630,49.998695,4,0,3,3,1,55.871541714285705,5.857142857142857
8660,22.779964,8,1,5,3,3,41.31481657142856,6.857142857142857
8690,45.558277,3,1,2,1,1,38.1262847142857,5.285714285714286
8720,41.428978,27,11,17,11,24,38.98421499999999,8.571428571428571
8750,46.156147,0,0,0,0,0,37.57015742857141,8.0
8780,28.161198,14,2,7,3,7,37.5694637142857,9.714285714285714
8810,49.43734,38,30,35,31,8,40.50294271428571,13.428571428571429
8840,45.046024,4,1,3,2,1,39.79541828571428,13.428571428571429
8870,65.91917,3,1,2,0,3,45.958161999999994,12.714285714285714
8900,42.10728,8,2,5,1,5,45.46516242857142,13.428571428571429
8930,63.755157,3,0,1,0,3,48.65461657142856,10.0
8960,35.42197,30,5,12,2,23,47.12116271428571,14.285714285714286
8990,32.515034,19,0,2,0,14,47.74313928571428,15.0
9020,35.21603,15,2,7,0,11,45.711523571428565,11.714285714285714
9050,43.39266,12,0,3,0,10,45.47532871428571,12.857142857142858
9080,20.97593,1,0,0,0,1,39.05486585714285,12.571428571428571
9110,46.839214,5,1,2,0,3,39.73085642857142,12.142857142857142
9200,27.346764,28,1,5,0,19,34.52965742857142,15.714285714285714
9260,18.221968,4,1,2,1,2,32.072514285714284,12.0
9290,47.797276,3,1,2,0,1,34.2556917142857,9.714285714285714
9320,46.585903,0,0,0,0,0,35.87995928571427,7.571428571428571
9350,14.433229,0,0,0,0,0,31.742897714285707,5.857142857142857
9380,10.657412,3,1,2,1,1,30.268823714285706,6.142857142857143
9410,15.319135,0,0,0,0,0,25.765955285714277,5.428571428571429
9440,69.55141,31,30,31,30,1,31.79519042857142,5.857142857142857
9470,61.75321,5,3,4,4,2,38.01393928571428,6.0
9500,27.43575,1,0,1,0,1,35.10514985714285,5.714285714285714
9530,95.21695,9,5,7,6,2,42.05244228571428,7.0
9560,38.848347,4,1,3,2,1,45.540316285714276,7.571428571428571
9590,22.032694,3,0,1,1,0,47.16535657142856,7.571428571428571
9620,23.719168,44,39,43,43,1,48.36536128571428,13.857142857142858
9650,32.37027,31,27,30,30,0,43.05376985714285,13.857142857142858
9680,48.836945,5,3,5,1,1,41.208589142857136,13.857142857142858
9710,13.423966,1,0,1,0,0,39.20690571428571,13.857142857142858
9740,58.570915,1,0,0,0,1,33.97175785714285,12.714285714285714
9770,15.841777,2,0,1,0,1,30.685104999999993,12.428571428571429
9800,190.82613,3,1,2,0,1,54.798452999999995,12.428571428571429
9830,84.92934,2,1,2,0,0,63.54276328571428,6.428571428571429
9860,45.737785,1,0,0,0,1,65.45240828571427,2.142857142857143
9890,34.34986,0,0,0,0,0,63.38282471428571,1.4285714285714286
9920,21.634142,0,0,0,0,0,64.555707,1.2857142857142858
9950,26.153946,0,0,0,0,0,59.92471142857142,1.1428571428571428
9980,92.439735,1,0,0,0,1,70.86727685714285,1.0
10010,73.43547,0,0,0,0,0,54.09718257142856,0.5714285714285714
10040,75.60268,0,0,0,0,0,52.76480257142857,0.2857142857142857
10070,16.044565,0,0,0,0,0,48.52291399999999,0.14285714285714285
10100,78.61077,0,0,0,0,0,54.84590114285714,0.14285714285714285
10130,58.01289,0,0,0,0,0,60.04286514285713,0.14285714285714285
10160,145.56792,0,0,0,0,0,77.10200428571427,0.14285714285714285
10190,94.83262,0,0,0,0,0,77.443845,0.0
10220,204.44293,1,0,0,0,0,96.1591964285714,0.14285714285714285
10250,29.502268,0,0,0,0,0,89.57342328571428,0.14285714285714285
10280,25.241053,4,1,2,1,1,90.88720728571427,0.7142857142857143
10310,86.56642,0,0,0,0,0,92.0237287142857,0.7142857142857143
10340,19.27155,0,0,0,0,0,86.48925157142857,0.7142857142857143
10370,20.46058,0,0,0,0,0,68.61677442857142,0.7142857142857143
10400,132.95381,0,0,0,0,0,74.0626587142857,0.7142857142857143
10430,63.99687,0,0,0,0,0,53.99893585714285,0.5714285714285714
10460,99.49353,0,0,0,0,0,63.997687571428564,0.5714285714285714
10490,79.29318,0,0,0,0,0,71.71942,0.0
10520,97.79986,0,0,0,0,0,73.32419714285713,0.0
10550,211.85109,2,0,1,0,0,100.83555999999999,0.2857142857142857
10580,43.641518,0,0,0,0,0,104.14712257142857,0.2857142857142857
10610,85.03028,0,0,0,0,0,97.30090399999999,0.2857142857142857
10640,74.968155,1,0,0,0,1,98.86823042857142,0.42857142857142855
10670,106.24912,1,1,0,0,1,99.8333147142857,0.5714285714285714
10730,52.175438,19,15,17,16,5,95.95935157142856,3.2857142857142856
10760,22.048462,1,0,0,0,1,85.13772328571427,3.4285714285714284
10820,17.619732,0,0,0,0,0,57.390386428571425,3.142857142857143
10850,36.97961,0,0,0,0,0,56.43868528571427,3.142857142857143
10880,49.291317,1,0,0,0,1,51.33311914285713,3.2857142857142856
10910,22.519606,0,0,0,0,0,43.84046928571428,3.142857142857143
10940,105.38094,0,0,0,0,0,43.71644357142856,3.0
10970,78.06306,1,0,0,0,1,47.414675285714274,0.42857142857142855
11000,68.748665,0,0,0,0,0,54.08613285714284,0.2857142857142857
11030,43.482967,0,0,0,0,0,57.78088071428571,0.2857142857142857
11060,80.92508,0,0,0,0,0,64.05880499999999,0.2857142857142857
11090,34.654076,8,1,6,0,3,61.96777057142856,1.2857142857142858
11150,129.82582,3,0,1,0,2,77.2972297142857,1.7142857142857142
11180,29.490837,2,0,1,0,1,66.45578642857141,2.0
11210,78.33049,1,0,0,0,1,66.49399071428572,2.0
11240,140.14174,14,0,4,0,11,76.69300142857142,4.0
11300,19.293514,14,0,5,0,10,73.23736528571428,6.0
11330,24.940096,0,0,0,0,0,65.23951042857142,6.0
11360,33.598335,14,0,5,0,10,65.08869028571426,6.857142857142857
11390,178.46387,0,0,0,0,0,72.03698314285712,6.428571428571429
11420,0.0,0,0,0,0,0,67.82400642857142,6.142857142857143
11450,72.657814,0,0,0,0,0,67.01362414285713,6.0
11480,24.288727,0,0,0,0,0,50.4631937142857,4.0
11510,28.759207,0,0,0,0,0,51.815435571428566,2.0
11540,85.38856,0,0,0,0,0,60.45093042857142,2.0
11570,115.34641,0,0,0,0,0,72.12922685714285,0.0
11600,25.44736,0,0,0,0,0,50.26972542857142,0.0
11630,57.24207,0,0,0,0,0,58.447163999999994,0.0
11660,147.35362,0,0,0,0,0,69.11799342857141,0.0
11690,75.98009,0,0,0,0,0,76.50247385714285,0.0
11720,28.822569,0,0,0,0,0,76.51152557142856,0.0
11750,62.623898,0,0,0,0,0,73.25943099999998,0.0
11780,109.2171,0,0,0,0,0,72.38381528571428,0.0
11810,69.80155,0,0,0,0,0,78.72012814285713,0.0
11840,17.541172,0,0,0,0,0,73.04857128571427,0.0
11870,27.761192,0,0,0,0,0,55.9639387142857,0.0
11900,153.12721,0,0,0,0,0,66.98495585714285,0.0
11930,128.58347,0,0,0,0,0,81.23651314285713,0.0
11960,214.47444,0,0,0,0,0,102.92944771428571,0.0
11990,140.76587,0,0,0,0,0,107.43641485714285,0.0
12020,38.125683,0,0,0,0,0,102.91129099999999,0.0
12050,92.48085,0,0,0,0,0,113.61695928571427,0.0
12080,26.904245,0,0,0,0,0,113.49453828571428,0.0
12110,166.86945,0,0,0,0,0,115.45771542857142,0.0
12140,26.229204,0,0,0,0,0,100.83567742857143,0.0
12170,137.2568,0,0,0,0,0,89.804586,0.0
12200,159.87201,0,0,0,0,0,92.53403457142856,0.0
12230,100.608986,1,0,0,0,1,101.46022071428571,0.14285714285714285
12260,82.854996,0,0,0,0,0,100.08509871428569,0.14285714285714285
12290,72.63888,0,0,0,0,0,106.618618,0.14285714285714285
12320,104.37163,1,0,0,0,1,97.69035799999999,0.2857142857142857
12350,29.36025,0,0,0,0,0,98.13765028571427,0.2857142857142857
12380,26.953613,0,0,0,0,0,82.38005214285714,0.2857142857142857
12440,102.40195,0,0,0,0,0,74.17004357142855,0.2857142857142857
12470,109.54454,0,0,0,0,0,75.44655128571428,0.14285714285714285
12500,26.189713,0,0,0,0,0,67.35151085714286,0.14285714285714285
12530,81.669754,0,0,0,0,0,68.6416357142857,0.14285714285714285
12560,19.1543,0,0,0,0,0,56.46773142857142,0.0
12590,96.82495,0,0,0,0,0,66.1055457142857,0.0
12620,175.8646,0,0,0,0,0,87.37854385714284,0.0
12650,74.65249,0,0,0,0,0,83.41433528571427,0.0
12680,84.43081,0,0,0,0,0,79.82665957142856,0.0
12710,83.12684,0,0,0,0,0,87.96053485714285,0.0
12740,52.523643,0,0,0,0,0,83.79680471428571,0.0
12770,64.04238,1,0,0,0,0,90.20938757142856,0.14285714285714285
12800,54.567867,0,0,0,0,0,84.17266142857143,0.14285714285714285
12830,35.44833,0,0,0,0,0,64.11319428571429,0.14285714285714285
12860,27.401987,0,0,0,0,0,57.36312242857142,0.14285714285714285
12890,129.11555,1,0,1,0,1,63.74665671428571,0.2857142857142857
12920,107.815025,1,0,0,0,0,67.27354028571428,0.42857142857142855
12950,98.517494,0,0,0,0,0,73.84409042857143,0.42857142857142855
12980,76.11175,0,0,0,0,0,75.56828614285713,0.2857142857142857
13010,47.855614,0,0,0,0,0,74.60939285714285,0.2857142857142857
13040,20.099762,0,0,0,0,0,72.41674028571428,0.2857142857142857
13070,57.141285,0,0,0,0,0,76.66521142857142,0.2857142857142857
13100,20.731377,0,0,0,0,0,61.181758142857134,0.14285714285714285
13130,124.39734,0,0,0,0,0,63.55066028571428,0.0
13160,94.62631,0,0,0,0,0,62.99477685714286,0.0
13190,121.09487,1,0,0,0,1,69.42093685714285,0.14285714285714285
13220,59.559494,0,0,0,0,0,71.09291971428571,0.14285714285714285
13250,50.8919,0,0,0,0,0,75.49179657142857,0.14285714285714285
13280,95.75704,1,0,1,0,1,81.008333,0.2857142857142857
13310,111.35687,0,0,0,0,0,93.954832,0.2857142857142857
13340,24.623346,0,0,0,0,0,79.70140428571428,0.2857142857142857
13370,28.389214,0,0,0,0,0,70.23896199999999,0.2857142857142857
13400,68.4609,0,0,0,0,0,62.719823428571424,0.14285714285714285
13430,33.613873,1,0,0,0,0,59.01330614285713,0.2857142857142857
13460,97.30005,1,0,1,0,1,65.64304185714285,0.42857142857142855
13490,29.899792,0,0,0,0,0,56.23486357142856,0.2857142857142857
13520,26.818588,0,0,0,0,0,44.15796614285713,0.2857142857142857
13550,100.88505,0,0,0,0,0,55.05249528571428,0.2857142857142857
13580,85.15521,1,0,0,0,1,63.16192328571427,0.42857142857142855
13610,24.415466,0,0,0,0,0,56.869718428571424,0.42857142857142855
13640,31.102585,1,0,0,0,1,56.51096299999999,0.42857142857142855
13670,84.61974,0,0,0,0,0,54.69949014285713,0.2857142857142857
13700,126.90454,0,0,0,0,0,68.55731128571428,0.2857142857142857
13730,100.00623,0,0,0,0,0,79.0126887142857,0.2857142857142857
13760,56.649906,1,0,0,0,1,72.69338242857143,0.42857142857142855
13790,66.30085,0,0,0,0,0,69.99990242857142,0.2857142857142857
13820,95.148094,0,0,0,0,0,80.10456357142856,0.2857142857142857
13850,27.71055,0,0,0,0,0,79.61998714285713,0.14285714285714285
13880,0.0,0,0,0,0,0,67.53145285714285,0.14285714285714285
